{"type": "FeatureCollection", "features": [{"type": "Feature", "geometry": {"type": "MultiPolygon", "coordinates": [[[[-117.70371816407665, 33.46010920582673], [-117.70008285370007, 33.45932979792393], [-117.70005717176441, 33.45935136092785], [-117.69997316221735, 33.45942189406676], [-117.69978219296434, 33.46008678115808], [-117.69929059890826, 33.46008822007824], [-117.69922961408027, 33.460018837869036], [-117.69920835095749, 33.45999464750019], [-117.69939938488918, 33.459492175335534], [-117.69939904981756, 33.45916983117447], [-117.69795251876668, 33.45885019282215], [-117.69718124861994, 33.45867973514022], [-117.6940149666195, 33.457979893888535], [-117.6933042671774, 33.45862247266353], [-117.6931404800466, 33.45866734598548], [-117.69256614486463, 33.45850530578103], [-117.69256688777139, 33.4582306599383], [-117.69322210276995, 33.45763748409401], [-117.69423371627265, 33.45724644036248], [-117.69483523088182, 33.457224961524304], [-117.69853243068994, 33.45805183262221], [-117.70311573677914, 33.45907716293634], [-117.70399112885383, 33.459375834765915], [-117.7042916395709, 33.459766844161926], [-117.70448347300318, 33.46015550680611], [-117.70448390778779, 33.460842123273565], [-117.70418304403283, 33.46086526944876], [-117.70401910059516, 33.46061293646047], [-117.70399502125397, 33.460451711529856], [-117.70396431054937, 33.46024581766421], [-117.70371816407665, 33.46010920582673]]], [[[-116.96264715654574, 33.427385697842205], [-116.9664868929383, 33.427405596912166], [-116.9671029773231, 33.42740867826122], [-116.9671705153611, 33.427409015635206], [-116.9676239552721, 33.42741091167694], [-116.96971608305981, 33.42740616894851], [-116.97448702834726, 33.42739520954124], [-116.97788693430533, 33.42738727675283], [-116.98248712423029, 33.42737635632862], [-116.9880641296188, 33.42736310952083], [-116.9886020911166, 33.42736223009887], [-116.99048723897799, 33.42735637328327], [-116.99848754057527, 33.42733202910861], [-116.99931782913785, 33.427329413333354], [-117.00090955937968, 33.4273235227781], [-117.00648589821826, 33.427178502684875], [-117.00868310553798, 33.42712137535366], [-117.01002959570724, 33.42708634381615], [-117.01122980421562, 33.42705444535703], [-117.01448453703392, 33.427041159514516], [-117.01975528069092, 33.42701945427756], [-117.02074378772788, 33.427022368452036], [-117.02248493654753, 33.42702716068316], [-117.03048501626094, 33.427049900536005], [-117.03063189619978, 33.427050188429654], [-117.03062173715223, 33.427745112938425], [-117.0305848424452, 33.43011721150065], [-117.03537071324108, 33.430143403645346], [-117.0384717119749, 33.430160374519545], [-117.04337094836302, 33.43018757499227], [-117.04918874536679, 33.43022007130685], [-117.05137090051564, 33.43023176131062], [-117.05250199713764, 33.430237881825036], [-117.05746147185374, 33.43024871492455], [-117.05937135931805, 33.430252829252936], [-117.05990495230863, 33.4302540370122], [-117.06737155132086, 33.43027084368151], [-117.06971212526837, 33.43027612228547], [-117.07062326220655, 33.43027816370543], [-117.07371042149508, 33.43028433819462], [-117.07537181249393, 33.43029008310809], [-117.08133970899853, 33.43031030687979], [-117.083371925445, 33.43031712460486], [-117.0913724471295, 33.43034382498216], [-117.09205747361908, 33.4303459548645], [-117.09915448775712, 33.43036772824152], [-117.09937237682423, 33.430367968893414], [-117.10277444233228, 33.430373977693755], [-117.10434625063603, 33.43037695472993], [-117.10736560059539, 33.430585707610405], [-117.11346189510019, 33.431007194962156], [-117.11534680131476, 33.43113778391796], [-117.12332784842222, 33.43169070310584], [-117.12414303181332, 33.43174719844613], [-117.12476536218426, 33.43179021071798], [-117.13130984864222, 33.432232218414214], [-117.13263884951118, 33.4323218041738], [-117.13288580536593, 33.432334541193846], [-117.13482998421962, 33.43243479774433], [-117.13821535992798, 33.432608894952324], [-117.13929971720576, 33.432616657087294], [-117.1455415522613, 33.432661327958115], [-117.1472997888343, 33.4326745237291], [-117.14876462934731, 33.43268567888447], [-117.15529974458019, 33.432623998653945], [-117.15625954056235, 33.432614938832245], [-117.16329965990187, 33.43254689230673], [-117.1669774120824, 33.43251134493293], [-117.1712995779185, 33.432470112000175], [-117.17769585942256, 33.43240912356811], [-117.17863465459001, 33.4323993020523], [-117.17929942047667, 33.432394756011796], [-117.18729951366477, 33.43233849199368], [-117.18841429328798, 33.43233071633965], [-117.19313905079674, 33.43229768329641], [-117.19529973621029, 33.432282511317325], [-117.19913303258058, 33.43225577180349], [-117.20329976741466, 33.43222624197869], [-117.20934429380627, 33.43218356802803], [-117.21191953285883, 33.432164975994056], [-117.21380360903008, 33.43215133558594], [-117.21930092217477, 33.43211135594601], [-117.22057107620614, 33.43210099462734], [-117.22331904691477, 33.4320805980969], [-117.22729990324856, 33.43205093327012], [-117.22779093316265, 33.43204726508652], [-117.23128984065158, 33.432021066769245], [-117.23248242964974, 33.432011885436424], [-117.23529996679228, 33.43199014245909], [-117.24119229342193, 33.43194500194263], [-117.24119995335634, 33.432629382818945], [-117.24121545827816, 33.43405237772938], [-117.24129795146901, 33.44161769426767], [-117.24130271972655, 33.44205159152854], [-117.24137570065686, 33.44876420507166], [-117.24259840118334, 33.449165659828125], [-117.24342047285604, 33.449435574869646], [-117.25019941690819, 33.45166100178593], [-117.25340442887381, 33.45271328929045], [-117.2578008081288, 33.45415567535274], [-117.26259436401193, 33.45572832030528], [-117.26338937573333, 33.45598808054791], [-117.26540358814484, 33.45664586953606], [-117.27300853849063, 33.45912944429565], [-117.27338128363796, 33.45925116396148], [-117.28061320047719, 33.461614024086174], [-117.28337322298368, 33.462515742556846], [-117.28509958194051, 33.463079239051375], [-117.28821827029888, 33.46409711479961], [-117.2933661747307, 33.46577733705091], [-117.29582359703879, 33.46657955136611], [-117.30131520408482, 33.468372262351274], [-117.30336228854752, 33.46903380384109], [-117.30343086773296, 33.46905599913914], [-117.3110423290679, 33.471519438068945], [-117.31336709266638, 33.47227189828998], [-117.31865403654125, 33.47398238061064], [-117.32337343380273, 33.47550922959045], [-117.32626596140686, 33.47644452707954], [-117.33152654152475, 33.47814547334739], [-117.33337990339814, 33.478748143792565], [-117.33387683704028, 33.47890966062372], [-117.34148511474586, 33.48138330822246], [-117.3433802276187, 33.48199932947364], [-117.3474218037775, 33.483312997206774], [-117.34909355863978, 33.48385632625959], [-117.35338209334827, 33.48525015937807], [-117.35670214356918, 33.486328666081704], [-117.36108848774414, 33.487753699491556], [-117.36338503166631, 33.488497555846024], [-117.3638782319101, 33.488657343347334], [-117.36431177683254, 33.48879780147194], [-117.37037758700818, 33.490761169135304], [-117.36972082870395, 33.49224694190072], [-117.36939023610299, 33.49299480059095], [-117.36925511960278, 33.4933004537237], [-117.36648731229604, 33.49956414290468], [-117.36586161773435, 33.500980133544644], [-117.36550108248832, 33.50172215040051], [-117.36383973640527, 33.50513707930609], [-117.36566887251205, 33.5051626098517], [-117.37016694554877, 33.505225392760096], [-117.37366839347332, 33.50527322390218], [-117.38089578549847, 33.505371953450016], [-117.38166786233232, 33.50538260862714], [-117.38438725853008, 33.505420493108126], [-117.38966795013054, 33.50542568249499], [-117.39162592081875, 33.5054276075417], [-117.39766824813455, 33.50543182541628], [-117.40235724101694, 33.505435107733035], [-117.40566851559585, 33.50543816758321], [-117.40669267137652, 33.50543911737267], [-117.40747905208467, 33.50543984095043], [-117.41308811744737, 33.50543052357542], [-117.41366875610767, 33.50542914832809], [-117.41867182696282, 33.50541929538441], [-117.42166905950154, 33.50541328654136], [-117.42381945201856, 33.50540888589875], [-117.42966932965778, 33.5053980344749], [-117.43455004098811, 33.505388886379734], [-117.43546362673374, 33.50538729016325], [-117.43766959711908, 33.50538141315004], [-117.44528191095523, 33.50536113348147], [-117.44566991488601, 33.50536004212147], [-117.4509143747361, 33.5053442260139], [-117.4536701122787, 33.5053402800388], [-117.45601294279419, 33.50533700745605], [-117.45988482899246, 33.50533273190028], [-117.46167035279052, 33.50532090595761], [-117.46674435102726, 33.505287046809684], [-117.46838653874026, 33.50527731594445], [-117.46967010102557, 33.50530913169753], [-117.47019059118941, 33.505322050500396], [-117.47385909970565, 33.505281087394536], [-117.47747493640352, 33.50524059541987], [-117.47766975763247, 33.5052384538944], [-117.47993977340595, 33.505213488901845], [-117.48566984453237, 33.50520265992492], [-117.48820669318293, 33.505197878755524], [-117.49367017846899, 33.50518663854957], [-117.49559233153018, 33.5051828251487], [-117.49723029177147, 33.50517649644592], [-117.49893890989975, 33.505169869621724], [-117.49955984159381, 33.50516754607591], [-117.5016703363358, 33.50515962190037], [-117.50879562045583, 33.50513314755346], [-117.50919914996967, 33.50513163522563], [-117.50967059661058, 33.505129865974304], [-117.50960418685655, 33.50360057961932], [-117.50959416435292, 33.50336875085381], [-117.50958001229395, 33.50304142308819], [-117.50944200052358, 33.50104109172349], [-117.50943712267159, 33.50065147835341], [-117.50937803867873, 33.49560650631339], [-117.50935632370336, 33.493740086995054], [-117.50934205396507, 33.49244866858377], [-117.50933335647649, 33.49166157593419], [-117.50930408487297, 33.48900141665079], [-117.50928874524116, 33.48760721386136], [-117.5092343747086, 33.482669506840224], [-117.50920073549615, 33.47960800068745], [-117.50918102825545, 33.47781432553228], [-117.50917344018623, 33.477150550752796], [-117.50913376339676, 33.47367968355793], [-117.50911865642864, 33.472352401262995], [-117.50911019250204, 33.471608786177526], [-117.50909813531429, 33.470549432367775], [-117.5150142169933, 33.46742471988719], [-117.51523532831735, 33.467308043752126], [-117.5189281991441, 33.46535884533775], [-117.5223365869951, 33.46362408888677], [-117.52322650392964, 33.46317103894085], [-117.52414318257479, 33.46270435102297], [-117.52946610936665, 33.45999460028556], [-117.53331157880734, 33.45803683377439], [-117.53395863081492, 33.45770766188513], [-117.536587462459, 33.456349509410515], [-117.53867026663237, 33.455273410111054], [-117.54041725629801, 33.45489595957484], [-117.54297669757796, 33.45438782471842], [-117.5442118801953, 33.45414284934898], [-117.54696793843644, 33.45359618311422], [-117.5514864490442, 33.45272732595009], [-117.55206512308898, 33.45261603994024], [-117.55342466218606, 33.45235467465085], [-117.55935266181396, 33.45121333829478], [-117.55949536548505, 33.45118585884813], [-117.55992540338461, 33.4512421511182], [-117.56393939138269, 33.45176633266951], [-117.56785846069296, 33.45227749289958], [-117.56953826895175, 33.452496428306446], [-117.57452384601508, 33.45322434800329], [-117.575778527464, 33.45340684056447], [-117.57859803730688, 33.45381719353261], [-117.57993841444065, 33.448843906887376], [-117.5800508062591, 33.4484268137736], [-117.5813016905293, 33.44378397241286], [-117.58200780227524, 33.44111645965604], [-117.58218658857633, 33.44044106304414], [-117.5823948953143, 33.43965412090635], [-117.58405484182218, 33.433382963209866], [-117.58471858093449, 33.43087590934787], [-117.58610150587334, 33.425649489049924], [-117.58654506072297, 33.42397341820842], [-117.58704167546317, 33.42209759711643], [-117.58814860201416, 33.41791620090269], [-117.58936559374699, 33.41331914182614], [-117.59019578529154, 33.410182737644796], [-117.59168158619508, 33.40456967435591], [-117.59168943836899, 33.40454082428832], [-117.59224859381925, 33.402450850592295], [-117.59403657630625, 33.39576784538255], [-117.59431600356358, 33.39472274768575], [-117.59638312045713, 33.38699476611166], [-117.59647787116003, 33.38704617506339], [-117.59718788069598, 33.38810137985421], [-117.59896485073592, 33.39201680359639], [-117.59977949334122, 33.39418958002984], [-117.60000401287344, 33.39478806759748], [-117.60013828046569, 33.39523916612425], [-117.60022264035571, 33.3955225890363], [-117.60210870809196, 33.39879916270639], [-117.6028463300431, 33.39971363610627], [-117.6040783299294, 33.40079456038554], [-117.60462299824908, 33.401272265806085], [-117.60557945698997, 33.403128282634675], [-117.60746541333513, 33.40537147757686], [-117.60904951867681, 33.40697900327395], [-117.61006130555437, 33.40800575004741], [-117.61358829527741, 33.41221784170498], [-117.61440422786343, 33.412901981435226], [-117.61464106150156, 33.413100535724176], [-117.61539240342205, 33.413730424482445], [-117.61725074735199, 33.41512591515779], [-117.61889086175333, 33.416980095141945], [-117.61949245541427, 33.418125024987546], [-117.6198092992998, 33.41850082249765], [-117.61989067318983, 33.41859733854786], [-117.61994134176511, 33.418657435430035], [-117.62061347204046, 33.419454624123446], [-117.62105122557, 33.41982032301736], [-117.62290922993677, 33.4219742418071], [-117.62487873858649, 33.42371444830494], [-117.62560377154725, 33.42412968688186], [-117.62583545244892, 33.42426251443332], [-117.6284402927867, 33.42669413672642], [-117.63007736639081, 33.42877778954695], [-117.63122798969216, 33.4297708592465], [-117.6320712112999, 33.430498620285846], [-117.63269954421357, 33.43088831446749], [-117.63384543069843, 33.43189697662956], [-117.63452959750028, 33.43226439085201], [-117.63611320697193, 33.433433816947385], [-117.63755000387839, 33.43463878579615], [-117.63775208798639, 33.4348082637003], [-117.6407841859379, 33.437145763939284], [-117.64195896224231, 33.437786459585936], [-117.64280509259494, 33.4387280501131], [-117.64389738558994, 33.439439949126744], [-117.64537290527502, 33.440401531740754], [-117.64629941238772, 33.44079740466809], [-117.64698514764807, 33.44109039450748], [-117.64788562787201, 33.44168770661847], [-117.64829570430764, 33.44195971605865], [-117.65055360180796, 33.44380052460345], [-117.65429254902227, 33.44684864863067], [-117.65504330164794, 33.447460645190894], [-117.65691957684925, 33.44862388217748], [-117.65755695669618, 33.44901903400904], [-117.66113677813769, 33.450850634831255], [-117.66228372912613, 33.451346756981785], [-117.66294102282626, 33.451631066334684], [-117.66414904218604, 33.45200088535659], [-117.66436183421224, 33.45206604076688], [-117.6652910668135, 33.45250234113697], [-117.67042839448112, 33.45566384217488], [-117.67102448596096, 33.45606578812408], [-117.67447291711407, 33.458390976915894], [-117.6770694201877, 33.46006509842703], [-117.67775223322842, 33.46037937683745], [-117.67870910339771, 33.46082007276069], [-117.68160628068176, 33.46162234194704], [-117.682541735913, 33.46172447717967], [-117.68327375507172, 33.46180439490822], [-117.68417545520784, 33.462079551026385], [-117.68549563012915, 33.46204873335676], [-117.68712737852024, 33.46201056235804], [-117.68783716796896, 33.462048580474956], [-117.68884944442833, 33.46210279204756], [-117.6892592998784, 33.46200994708343], [-117.68939617887318, 33.46198885163013], [-117.68941606667525, 33.46187568971255], [-117.68950533585831, 33.46136773215634], [-117.6896144506226, 33.45956021721424], [-117.6898877917939, 33.459538249563415], [-117.69087153865814, 33.45976735602968], [-117.69081888300947, 33.46012262000564], [-117.69079036419414, 33.46031539304615], [-117.69087193840845, 33.460980679476066], [-117.6911451071032, 33.461278354005096], [-117.69177398439597, 33.46137064967372], [-117.69193780117118, 33.46109629619209], [-117.69204730580428, 33.460589994813176], [-117.69160996999138, 33.46040697328028], [-117.69166442676222, 33.46006490207433], [-117.69212925102283, 33.460017161375816], [-117.69234783808092, 33.459331018018965], [-117.69270344427098, 33.459170794961395], [-117.69311336080648, 33.45933003849549], [-117.69294958445546, 33.46006381988618], [-117.69303113082199, 33.46022479222865], [-117.69322368649978, 33.46027520155433], [-117.69390546288467, 33.46045368029409], [-117.69447550232293, 33.460579737319826], [-117.69866216268834, 33.46150662326132], [-117.69893525412796, 33.460750530758766], [-117.69915352408074, 33.46070590507824], [-117.69942725871414, 33.46084145777878], [-117.69929035905808, 33.461324007604645], [-117.69929080821574, 33.46166860989307], [-117.70078908671853, 33.46199856262882], [-117.70167978967893, 33.46219477657882], [-117.70355437425093, 33.46260770341804], [-117.70380026739869, 33.46203294531093], [-117.70412793328845, 33.461988464179406], [-117.70409262680286, 33.46218082988329], [-117.70401846458793, 33.46258488745111], [-117.70410090118494, 33.46265142132694], [-117.70574130484378, 33.46297155376617], [-117.70606938036535, 33.46281212881804], [-117.7063970642214, 33.46251339163696], [-117.70642404152773, 33.46224426447256], [-117.70634221937837, 33.46214635732946], [-117.70631536514128, 33.46178277331001], [-117.70640761223947, 33.46154299211483], [-117.70661534944557, 33.46100322082452], [-117.7070799805684, 33.46045124538163], [-117.70789996635301, 33.4604052952957], [-117.70850095365114, 33.460658597155344], [-117.71025106496238, 33.46035309039874], [-117.7104691211161, 33.46031502282496], [-117.71281996909553, 33.46003743592483], [-117.71368183793194, 33.460025953034794], [-117.71454163076173, 33.4600142775376], [-117.7148697125715, 33.46012952532046], [-117.71574465459024, 33.460999951062824], [-117.71579886701932, 33.46164147025116], [-117.71563275055698, 33.46214086258341], [-117.71560832805935, 33.46221428396273], [-117.71574515944341, 33.46260279624327], [-117.71560849065439, 33.463083202689866], [-117.7148433470179, 33.46319905866146], [-117.71473427088115, 33.46338123421212], [-117.71530861235134, 33.464756559133285], [-117.71542197165533, 33.46491487889344], [-117.71584580758615, 33.46550680442094], [-117.71653891711667, 33.46647507553777], [-117.71760578778913, 33.4683980337921], [-117.71779705618111, 33.46876414389181], [-117.71856305591209, 33.46974898655461], [-117.71932885352213, 33.47110333226202], [-117.7193287457243, 33.47121583919777], [-117.71949284187555, 33.47133308031996], [-117.71993049389548, 33.472088055424855], [-117.71994873957718, 33.472109442159024], [-117.72006458362128, 33.47224533670605], [-117.72075093422758, 33.47305040228236], [-117.72148955061375, 33.473437813193854], [-117.72178019064246, 33.47370512147176], [-117.72178986190482, 33.473714015148545], [-117.72181827831218, 33.47483627308951], [-117.72206427117297, 33.47540732115619], [-117.72241956474929, 33.476003186024435], [-117.72250193487096, 33.47613963494045], [-117.72252955537101, 33.47637029277908], [-117.7227212360897, 33.47691895313129], [-117.72315861861503, 33.47737880967692], [-117.72391016714802, 33.47885253289435], [-117.72391208235622, 33.47885628826221], [-117.72470986987183, 33.480420662802516], [-117.72518336287494, 33.48152412504739], [-117.72521049199652, 33.481707627961136], [-117.72573102527947, 33.48266858826915], [-117.72633277345065, 33.483310975016764], [-117.72665233024834, 33.48351786226744], [-117.7268245543563, 33.48362936409427], [-117.72808245357056, 33.48388336604006], [-117.72900288268201, 33.483982146954055], [-117.72908485215507, 33.48399094367433], [-117.73062554641065, 33.48415610996711], [-117.73144520341188, 33.484362156064186], [-117.7324573127846, 33.485049150912836], [-117.7327758347231, 33.4850365115413], [-117.73303161293225, 33.48502636183242], [-117.73327771538752, 33.48493325372557], [-117.7334958155587, 33.484703971036325], [-117.73354382781568, 33.484405428446955], [-117.73355083197995, 33.484361885592996], [-117.73376913606873, 33.48406277915262], [-117.73398800070623, 33.48408549281432], [-117.73409653426056, 33.484284125465194], [-117.73428913215916, 33.484636603720396], [-117.73434702408763, 33.48545867379418], [-117.73435266640594, 33.4855387996456], [-117.73437134058406, 33.48580396229604], [-117.73400607391146, 33.4861347289382], [-117.73366134092959, 33.48644673036368], [-117.73363345362989, 33.486493309463846], [-117.7334970264877, 33.4867211834019], [-117.73349711182766, 33.486973217858655], [-117.73411174722987, 33.48766880478967], [-117.73489239129663, 33.488552240094826], [-117.73541220502905, 33.4888287744506], [-117.7360689345872, 33.48896488401095], [-117.73675231087158, 33.488894884364285], [-117.73748960493766, 33.48830046495907], [-117.73784564321734, 33.48832232792413], [-117.73794776549549, 33.488398687181935], [-117.73809170614672, 33.4885063138989], [-117.73811931586698, 33.4887820280389], [-117.73790050063681, 33.48905635680341], [-117.73727534865756, 33.48929907734009], [-117.73718991348414, 33.48933224899654], [-117.73719022430123, 33.489559632242], [-117.73740813223294, 33.489744608253076], [-117.73814718430204, 33.48965226039394], [-117.73836576147866, 33.489857336712596], [-117.73842030538609, 33.490132019428565], [-117.73888464725137, 33.49063816394333], [-117.73899506547116, 33.490910792203124], [-117.73896835406619, 33.49148351957016], [-117.73864035040987, 33.49189735492107], [-117.73864050761505, 33.49214949268113], [-117.73901388248143, 33.49243529911409], [-117.73926958074053, 33.49263102611616], [-117.73910641793883, 33.493959033036724], [-117.73910668473847, 33.494501547659574], [-117.73910682307904, 33.49478298559949], [-117.73924425184275, 33.49524132020672], [-117.73947518534612, 33.495437969040154], [-117.74083095690888, 33.49659207313411], [-117.74096529456975, 33.49692883422219], [-117.74107761362465, 33.49721039686552], [-117.74187095717457, 33.498263926951225], [-117.74230878616258, 33.49860902281405], [-117.74257070615333, 33.49864895381573], [-117.74304628324792, 33.49872145507372], [-117.74345717265886, 33.49885825623639], [-117.7444975232675, 33.50004830336772], [-117.74531123252322, 33.500472814239394], [-117.74534338502386, 33.50048958482636], [-117.74594485831057, 33.50033057499122], [-117.74605457045452, 33.50021586084453], [-117.74627347910948, 33.50023883919291], [-117.74657420272725, 33.500400205081235], [-117.74657385148598, 33.50055993466159], [-117.74638267023057, 33.50078817683768], [-117.74613649770676, 33.50083614152178], [-117.74616453861833, 33.5010625611993], [-117.7462738222659, 33.50110996766471], [-117.74624625386815, 33.50145331281856], [-117.74660222746918, 33.50184220496434], [-117.74660291827362, 33.50220906287385], [-117.74668474491453, 33.50225528667438], [-117.74725871538048, 33.502140124884995], [-117.74750485376833, 33.50234644504835], [-117.74742555319001, 33.50279029608043], [-117.74734118701178, 33.50326257107638], [-117.74807979710974, 33.50383416056243], [-117.7489325417578, 33.50502221123293], [-117.74922961552056, 33.505436363882076], [-117.74975002573436, 33.50589521660027], [-117.75084387101816, 33.506581046639056], [-117.75123082930995, 33.50688104903831], [-117.75174961267473, 33.50816614762943], [-117.75232236682179, 33.508669917189394], [-117.75256911606402, 33.50928821756336], [-117.75347072726692, 33.510386814942215], [-117.75404660575452, 33.510913335871315], [-117.75440017726048, 33.51123670763172], [-117.75497440554291, 33.5113511337886], [-117.75515797357627, 33.511908859989], [-117.75519232605104, 33.51201323008825], [-117.75601247982063, 33.512815700783285], [-117.75699642970415, 33.513298692861554], [-117.75765291761545, 33.51320737600572], [-117.75828147780292, 33.51339149034752], [-117.75847230781704, 33.513550748813586], [-117.75858272244355, 33.513642897417476], [-117.75885609595419, 33.5140552075351], [-117.75910191633842, 33.51405663132845], [-117.75929377222859, 33.51389378397024], [-117.75956658159724, 33.51417100507302], [-117.75978566722029, 33.51417111592055], [-117.75997687452683, 33.513920400937565], [-117.76016835851448, 33.51398705416782], [-117.76032967976982, 33.51394741859655], [-117.76044177963583, 33.513919910360976], [-117.76055132918474, 33.513552986751144], [-117.76079782240711, 33.51359952804987], [-117.76120787548655, 33.51391844537193], [-117.76123486447094, 33.51417190308772], [-117.76090661467623, 33.514423684620624], [-117.76083764562198, 33.51455828746409], [-117.76082423287647, 33.51458446683076], [-117.76087900495598, 33.515223833650076], [-117.76117969443776, 33.51572951764514], [-117.76136112987066, 33.516169636163006], [-117.76145275892794, 33.5163919039863], [-117.76172592492775, 33.516896367861044], [-117.76224487268422, 33.51751485809847], [-117.76320784421092, 33.51899381925281], [-117.76352930813198, 33.51948751565768], [-117.76368324882895, 33.5196160346136], [-117.76374798142832, 33.51967004165121], [-117.7643221001163, 33.51989921600951], [-117.76464171710113, 33.520167755885325], [-117.76467763893272, 33.52019793576995], [-117.7648692190401, 33.52051892647796], [-117.76489677755636, 33.52060936163361], [-117.76514169423545, 33.52141306093513], [-117.76607099510865, 33.522235863198624], [-117.7662078480523, 33.52308586490517], [-117.76627350861135, 33.52319517319167], [-117.76637153996168, 33.52335837224332], [-117.76652820794386, 33.52352089324266], [-117.76672676077449, 33.523726863621974], [-117.7681758969397, 33.52471132314183], [-117.76885890221988, 33.524528554665274], [-117.76899226520862, 33.52454020873585], [-117.76910616350183, 33.52455035006753], [-117.76940697964608, 33.524689088188374], [-117.76940672542287, 33.52526090158592], [-117.77148426636697, 33.52677623500922], [-117.77164841821376, 33.52675155555619], [-117.77192236574788, 33.526499803914554], [-117.77230492588802, 33.52675236432585], [-117.77227775364732, 33.52741528331408], [-117.77233516587545, 33.52757622334806], [-117.77235929462395, 33.52764386802152], [-117.77389026192165, 33.52913372159138], [-117.77411246290212, 33.52943217956386], [-117.77430047040961, 33.52968456816458], [-117.77558561283149, 33.530760996627585], [-117.77618708881313, 33.531151075726164], [-117.7766243806086, 33.531333780034934], [-117.77704063116518, 33.53164757295497], [-117.77717201696198, 33.53174661835921], [-117.77771854928592, 33.532433745582026], [-117.77911301667787, 33.53454117374152], [-117.7795958027526, 33.535084853652684], [-117.77998779430492, 33.53552602530915], [-117.78138229583286, 33.5375210338307], [-117.78208342731884, 33.538423094822285], [-117.78214758499644, 33.53850563730493], [-117.78250332413715, 33.53917116468611], [-117.7829676031204, 33.539719922691425], [-117.78414793819975, 33.540744569178784], [-117.78455409798075, 33.54109714619525], [-117.7846906293275, 33.54116882196666], [-117.78603104598714, 33.54187316621541], [-117.78685177737341, 33.54219599470304], [-117.78816513498006, 33.542472059651466], [-117.78887646773441, 33.54242337157198], [-117.78920455942564, 33.54231108070944], [-117.78939616917742, 33.54231003399043], [-117.78953719030399, 33.54238877372875], [-117.78980642617442, 33.54253910267573], [-117.7901070797236, 33.54286011677041], [-117.79068141221062, 33.54308908891037], [-117.79106430293079, 33.54315944303878], [-117.79172108548953, 33.54311277314451], [-117.79201869824146, 33.54279580158885], [-117.79232332593747, 33.54267668959644], [-117.79278826697907, 33.54274591498741], [-117.79295209543238, 33.54288330017291], [-117.79317124932739, 33.54336305010635], [-117.79412822639623, 33.544281351769854], [-117.79456557478555, 33.54448668271302], [-117.79486676103568, 33.5443732969252], [-117.7952498466903, 33.544486205786534], [-117.79535953188478, 33.544830916627035], [-117.79557805336586, 33.54517549282371], [-117.79639872815828, 33.54515144528598], [-117.79713754486876, 33.545038548524346], [-117.79809414284853, 33.54538276601479], [-117.79853687573967, 33.545345489759974], [-117.79921691657943, 33.54528822693849], [-117.7994353554155, 33.545175877656135], [-117.79950907386265, 33.54497402308104], [-117.79954474236933, 33.54487659805316], [-117.79984609750274, 33.54464843850272], [-117.80009275062524, 33.544672245097225], [-117.80020145665608, 33.54478713314291], [-117.80020173243888, 33.54487941317942], [-117.80020193545813, 33.54494699265376], [-117.80074900766952, 33.54499253925201], [-117.80083104631285, 33.545059027778755], [-117.80077609726524, 33.54535838236861], [-117.8006393853571, 33.54556424532298], [-117.8006397024624, 33.545771381318936], [-117.80104990735708, 33.54613771752165], [-117.80293732615954, 33.546595345099824], [-117.80329301050303, 33.54654952832083], [-117.803867394194, 33.54622910442366], [-117.80394952177055, 33.546115544230474], [-117.8043052357584, 33.54602247414455], [-117.80455174335385, 33.546183741906816], [-117.80477046695586, 33.546571159449734], [-117.80552853995277, 33.54676934546933], [-117.8059192505075, 33.54687153300447], [-117.80602842545892, 33.547146215919945], [-117.8060559363645, 33.54769683691272], [-117.80638344774404, 33.54808636043546], [-117.80723209158285, 33.54826860070829], [-117.80742416666195, 33.548452208422034], [-117.80750563936664, 33.54877295648503], [-117.80734171748855, 33.54925465768609], [-117.80739649046637, 33.54955184533413], [-117.80757998304125, 33.549811515814305], [-117.80767040566113, 33.54993947911193], [-117.80868679191292, 33.55079189537085], [-117.8089561005469, 33.55101775381849], [-117.80900261351566, 33.5510417248586], [-117.81056661456131, 33.55184769864256], [-117.81059729921478, 33.55186351747625], [-117.81150025070407, 33.55214010029408], [-117.81267662061977, 33.55214001270311], [-117.8130049782123, 33.55186553956169], [-117.8131419560218, 33.55149742340504], [-117.8136344214437, 33.55110850295015], [-117.81390775003857, 33.550719380854105], [-117.81420920308834, 33.55046863108549], [-117.8145917632285, 33.55048908434734], [-117.81497472761053, 33.550626734224544], [-117.81508470655415, 33.550788920974206], [-117.81519407643998, 33.55152069507649], [-117.8151117584206, 33.55184139805944], [-117.81481065840872, 33.5522767825443], [-117.81481101953148, 33.552483914427114], [-117.81505730075143, 33.55282744420787], [-117.81533613332407, 33.55296915394324], [-117.81554976617336, 33.55307774618575], [-117.81595996298323, 33.55342372237312], [-117.81628853167987, 33.5535388974857], [-117.81691787519824, 33.553535912702834], [-117.81803933379555, 33.553947687492915], [-117.81875118667449, 33.553858240958284], [-117.81962615294773, 33.5534919719257], [-117.82003678544051, 33.553560997752186], [-117.8201738396068, 33.55376494938393], [-117.81998239604332, 33.55465954777724], [-117.81984559430366, 33.555025295314536], [-117.81976342091303, 33.555690478377585], [-117.82022853083792, 33.555804488626684], [-117.82031023979953, 33.555965645303694], [-117.82028887157385, 33.55605150981776], [-117.82020158766758, 33.55640000213089], [-117.81973573393766, 33.55697254601272], [-117.81981854603045, 33.557430778709815], [-117.81995536214318, 33.5576840452519], [-117.82074899225566, 33.5585526765589], [-117.82219910219462, 33.55967607195842], [-117.82244557116248, 33.559994903175934], [-117.82433349751305, 33.561395559855036], [-117.8246623482807, 33.56159416998613], [-117.82512691382651, 33.561874614890684], [-117.82605730615279, 33.56262949863955], [-117.82758978621341, 33.56347939209654], [-117.82819191886351, 33.563707188278826], [-117.82830484607788, 33.56373257802443], [-117.82942248863188, 33.56398385892878], [-117.83016137630929, 33.56400579558716], [-117.83062785436832, 33.564142395436185], [-117.83103826138397, 33.56457606815298], [-117.83176568655833, 33.56485615231313], [-117.83199578103523, 33.5649448636304], [-117.83243368817666, 33.56533463573938], [-117.83341884539591, 33.56576973888376], [-117.83380225534233, 33.566319539063976], [-117.83402053966816, 33.56712103791378], [-117.83459649541089, 33.56803665141985], [-117.83506143914744, 33.5684477777397], [-117.83593721749772, 33.568768182098076], [-117.83612896738668, 33.56920389892015], [-117.83705949985017, 33.56989118787988], [-117.83729785433607, 33.570106796031205], [-117.83771715197808, 33.57048602417835], [-117.8380451206001, 33.570668586194884], [-117.83823707979656, 33.57094451749764], [-117.83916756375099, 33.57174660138112], [-117.83968731010977, 33.572409962627546], [-117.8401981326045, 33.572862758920614], [-117.84059092096247, 33.573210924429006], [-117.8409193243691, 33.57362313157661], [-117.84160387385327, 33.57415153071458], [-117.84264421098716, 33.57481410782206], [-117.84338900059598, 33.575155155267346], [-117.84354743556432, 33.57522780868627], [-117.84381302068142, 33.57542021013391], [-117.84436859095543, 33.57582268455393], [-117.8460932134688, 33.57666907647867], [-117.84713285440836, 33.57735643398591], [-117.84784519776743, 33.577701317512954], [-117.84885769880563, 33.57806554622122], [-117.85036276138545, 33.57850194132904], [-117.85045728301796, 33.57855686729419], [-117.85054433336227, 33.578607451689756], [-117.85091063669073, 33.57881994115228], [-117.85258002808548, 33.5792316687286], [-117.8534285488551, 33.57930081917248], [-117.85383922536533, 33.57948453903775], [-117.85414089850235, 33.579783155392526], [-117.8543597523601, 33.580195145551684], [-117.85501707929788, 33.580697575626644], [-117.85619389926953, 33.58136348669249], [-117.85709731698445, 33.58197972250796], [-117.8574394861745, 33.58217022074024], [-117.85791878409098, 33.582437264207734], [-117.8600542960153, 33.583354766545966], [-117.86043706995449, 33.583307590019636], [-117.86076616147062, 33.58316814674673], [-117.86109321920097, 33.583559988887544], [-117.86147790565339, 33.58374035074373], [-117.8620522093943, 33.58362692742955], [-117.86227138844218, 33.58371948178111], [-117.86240813897787, 33.5840875077335], [-117.86262739168758, 33.5842226943303], [-117.86279427261623, 33.58425798187148], [-117.8630651371323, 33.58431525851992], [-117.86361304926848, 33.584565410109484], [-117.8640783280766, 33.58458927305418], [-117.86414648864712, 33.584629126933514], [-117.86435193514923, 33.584749246736294], [-117.86434173388085, 33.58489166516649], [-117.86429760773578, 33.58550573325594], [-117.86462605965143, 33.5858953616445], [-117.86509144895237, 33.58598674763759], [-117.86605042567099, 33.58701726006501], [-117.86608319890749, 33.58706392419655], [-117.86624266065022, 33.587290976412454], [-117.86722821043325, 33.587725846163906], [-117.86752928169905, 33.5879791787455], [-117.86768957168844, 33.58836335637694], [-117.86774826760912, 33.5885040364679], [-117.86889878670587, 33.58971795948596], [-117.86914556828746, 33.58983178112777], [-117.86919884197708, 33.58985797062041], [-117.8693526560116, 33.58993358471011], [-117.86961082104447, 33.59006049629216], [-117.86976591068671, 33.59007969274056], [-117.87054154754404, 33.59017576546406], [-117.87073312226153, 33.590311877909194], [-117.87084315959565, 33.59070157139708], [-117.87105810129029, 33.59094461353839], [-117.87139086781427, 33.59132088114259], [-117.87191105524582, 33.59175680438771], [-117.87214496756268, 33.591860871540156], [-117.87221246337984, 33.59189090067315], [-117.87229483978972, 33.592236395085855], [-117.87237188559668, 33.592300715355115], [-117.87243130915273, 33.59235032415211], [-117.87311582539922, 33.59255659365623], [-117.87363843019723, 33.592658520483965], [-117.87475864462789, 33.59287699382399], [-117.87585386972398, 33.59280536021492], [-117.8765694317467, 33.59269473619508], [-117.87732401389043, 33.59257820877165], [-117.87765293831991, 33.59241850626972], [-117.87792664600383, 33.592396094931765], [-117.87819239281768, 33.59245753041896], [-117.87851110789397, 33.59253120864704], [-117.87873581517408, 33.59258315497018], [-117.87980069428157, 33.59282931740976], [-117.88001124590943, 33.59287798829831], [-117.88057441772733, 33.593008168554064], [-117.88151130487313, 33.59322472764467], [-117.88170575330122, 33.593282999544655], [-117.88209822365559, 33.5934006132714], [-117.88249658875486, 33.59351999053872], [-117.8835630120663, 33.59372855596296], [-117.88432921122327, 33.59396550831896], [-117.88482316066204, 33.5941184974097], [-117.88499246614361, 33.59415675230982], [-117.88583594017796, 33.59434733440163], [-117.889311698082, 33.595587713883326], [-117.89185578086557, 33.59664273819871], [-117.89262295738956, 33.59696082455758], [-117.896454752675, 33.59835985934933], [-117.8976316804445, 33.598703458006305], [-117.8991097747012, 33.599277743056284], [-117.89937680520761, 33.59935740954093], [-117.90242135919887, 33.60026348987937], [-117.90491243778737, 33.60106655003515], [-117.90707326693138, 33.601512088690875], [-117.91025008796676, 33.60216711355418], [-117.91317945368408, 33.60257828004679], [-117.91394534561721, 33.602832790821786], [-117.91430691572245, 33.602916141902924], [-117.91491138039902, 33.60305548442146], [-117.91602650228035, 33.603312545888414], [-117.91736700248329, 33.60374825439858], [-117.92268412795507, 33.60492729207808], [-117.92295189328334, 33.604986899807216], [-117.92492288864489, 33.605144422030016], [-117.92798949178477, 33.60581080428706], [-117.92864586561006, 33.60611024752793], [-117.92892598546847, 33.60637432446136], [-117.92949487596151, 33.60691062342886], [-117.92991720811257, 33.60749630666744], [-117.93124656920597, 33.60933984054091], [-117.93245151183592, 33.61123989276444], [-117.93263172825495, 33.611466734705836], [-117.93299901613696, 33.611929038908436], [-117.93379304240646, 33.61275180200259], [-117.93467145102389, 33.613909890801956], [-117.93488759735936, 33.61419490867565], [-117.93954232939512, 33.61907336524323], [-117.94022224626738, 33.619662086729036], [-117.94113092721155, 33.62044881208682], [-117.94187029728427, 33.62086191709167], [-117.94285602762865, 33.621273817265745], [-117.94657975917869, 33.62328835183371], [-117.9471680739431, 33.6235625335227], [-117.95036142667466, 33.62505082290352], [-117.95095951780429, 33.625271097648934], [-117.95246545713987, 33.62625807316953], [-117.95432047550662, 33.62710464339684], [-117.95451942449428, 33.62719526615359], [-117.95638151799221, 33.628363592929865], [-117.95739484368384, 33.62870889556848], [-117.95739494429515, 33.628953764091875], [-117.95739503053342, 33.629165882687424], [-117.95706633786928, 33.63024221096502], [-117.95705289817431, 33.63036870793553], [-117.95703942344504, 33.630495526343594], [-117.9568203845344, 33.631342129724], [-117.95671073347587, 33.63136466407413], [-117.95690261182392, 33.63209973331711], [-117.95747804295054, 33.632028694753515], [-117.95755999086398, 33.631822794181886], [-117.95765661545258, 33.63173883604381], [-117.958299313326, 33.63118194030268], [-117.95931168410847, 33.63049608806244], [-117.95947650160691, 33.630266504812305], [-117.95975011317108, 33.62971690944312], [-117.96095563790932, 33.630470943847804], [-117.96111928130969, 33.63072290998327], [-117.96149703097151, 33.63101770114624], [-117.96153047435122, 33.63104379959367], [-117.96205080102166, 33.631272211719285], [-117.9628450051576, 33.63188998770918], [-117.96380407799597, 33.632325401423124], [-117.96393086082527, 33.63242067763381], [-117.96487218924183, 33.63312775974018], [-117.9655021211567, 33.63342589940826], [-117.96758334968507, 33.634661331547115], [-117.96941871830329, 33.63555573826044], [-117.97045872845045, 33.636264475932855], [-117.97065116375398, 33.636371020288706], [-117.97081339410438, 33.63646083901688], [-117.9738112770234, 33.638119225344205], [-117.97476019440747, 33.638644121120876], [-117.97519814915962, 33.63876102603669], [-117.9761298350599, 33.63931006635162], [-117.97674518731775, 33.63975845941753], [-117.976787661461, 33.639789408960674], [-117.97784418623633, 33.64021990658149], [-117.97785580953779, 33.64022456360979], [-117.9802666434186, 33.64168946509103], [-117.98133489390337, 33.642239408095946], [-117.98243102809451, 33.64301811221078], [-117.98303353803703, 33.643292538465644], [-117.98349938098718, 33.64366046943162], [-117.98356881087714, 33.64369930361403], [-117.98469051381623, 33.64432670117607], [-117.9863210135491, 33.6452386825377], [-117.98897865506265, 33.64720869029782], [-117.99103427980877, 33.64837517294478], [-117.99142292872992, 33.64862126504306], [-117.99284217794563, 33.64952030890799], [-117.99341795133033, 33.64981611852821], [-117.9953908053062, 33.6510759063379], [-117.99637731987985, 33.6516023480451], [-117.9975828913305, 33.6525631213218], [-117.99816134259308, 33.6529054083948], [-117.99908999218769, 33.653455176559326], [-118.00043250641353, 33.654144456848655], [-118.00091401867718, 33.654418368324], [-118.00203701159701, 33.654738563954794], [-118.00223751826337, 33.65490695872222], [-118.00329637326854, 33.655796217787874], [-118.00485544346157, 33.65712074477651], [-118.00685555771304, 33.65882005039055], [-118.0074232821928, 33.65919543322911], [-118.00775873378115, 33.65941723120434], [-118.00836097782235, 33.65996622651275], [-118.00890871478707, 33.66056254774125], [-118.0103327672946, 33.66170769650371], [-118.01107219306283, 33.66209787467954], [-118.01197547153889, 33.66276261190592], [-118.01422105403499, 33.664778642485], [-118.01578174658542, 33.66587750845431], [-118.01679505520907, 33.666771688041855], [-118.0172998176689, 33.66710612292141], [-118.01994425215113, 33.66885781947991], [-118.02165565236186, 33.67009932739822], [-118.02282022470293, 33.67094410815814], [-118.02362603237741, 33.6715849800406], [-118.02381820267794, 33.67173781337871], [-118.02506600393009, 33.67273020710193], [-118.02692848370359, 33.67431167211274], [-118.02772309387804, 33.675113769165335], [-118.02992702868094, 33.67689449104218], [-118.03089972716553, 33.67768034064826], [-118.03191326396124, 33.67859706827486], [-118.03312074972179, 33.67959261891811], [-118.0338858475442, 33.680223407216495], [-118.03592108951649, 33.68218454313759], [-118.03659751463725, 33.68283640854674], [-118.03783055207771, 33.68416721375246], [-118.04048743990474, 33.686845483296665], [-118.04093303931997, 33.68728294960595], [-118.04153926828776, 33.68787810002515], [-118.04284306871808, 33.68915808421096], [-118.04298070499266, 33.689364012058704], [-118.04591212515702, 33.69229864646934], [-118.04635000714565, 33.693009740566296], [-118.04708132921171, 33.69360391108376], [-118.04730923718918, 33.6937890771586], [-118.0483505157575, 33.69486433718895], [-118.04936435348884, 33.69617059198843], [-118.0501853292169, 33.6970651531193], [-118.05117298734591, 33.698141302633566], [-118.05254015852964, 33.69943339592581], [-118.0530193612247, 33.699886468016125], [-118.05325529295428, 33.70010953169603], [-118.055502521164, 33.70246945943011], [-118.05629754276684, 33.70313397797838], [-118.05827767219816, 33.70500045134091], [-118.05966622777724, 33.70630932751139], [-118.06166904056779, 33.70819710350384], [-118.06367041425729, 33.70977683469057], [-118.06426552567514, 33.71029630600522], [-118.06487629383008, 33.710829411726344], [-118.06857657485962, 33.713785509647096], [-118.07066955964005, 33.71506567726715], [-118.07134553290823, 33.715479150053085], [-118.07309977646977, 33.71687780901575], [-118.07501894622594, 33.71822893160214], [-118.0769105233298, 33.71994597880129], [-118.07695843856874, 33.719985974032774], [-118.0826956243522, 33.72477944106662], [-118.08306171028835, 33.725154172790255], [-118.08414927545, 33.72626737162053], [-118.08730231628319, 33.72871686550928], [-118.08914027115114, 33.72995418340355], [-118.08931480572599, 33.730009588056554], [-118.08935930197697, 33.73002371265129], [-118.08993525053316, 33.72995436195959], [-118.09031898926298, 33.729816609969156], [-118.09053809195403, 33.72983879577729], [-118.09067498352525, 33.729954584594324], [-118.09064780140307, 33.73020578195073], [-118.09031905124672, 33.730618256916095], [-118.09020920345715, 33.73098527785758], [-118.09023662542951, 33.731260946706534], [-118.09042900952909, 33.73151195645647], [-118.09097755048597, 33.731878333328225], [-118.09352736272442, 33.73325198893416], [-118.0940211558563, 33.73361852198347], [-118.09404822838401, 33.73373443494228], [-118.0934954842099, 33.73358655508662], [-118.09344494589035, 33.73357306384233], [-118.08861957976468, 33.73114488547162], [-118.08750092391104, 33.731059344822334], [-118.08713902951402, 33.731031668987235], [-118.08675509045989, 33.7310547823631], [-118.08653565629048, 33.73123954271723], [-118.08635848336364, 33.731239226700175], [-118.08636106871502, 33.73145165788325], [-118.08636416341118, 33.73170600652821], [-118.08636900982214, 33.73210427457756], [-118.0869197777026, 33.732063205464996], [-118.08768768365863, 33.73272652828422], [-118.08793441313793, 33.73359660534879], [-118.08840093970599, 33.73492335512657], [-118.08862024990788, 33.73517750671778], [-118.08917272099413, 33.73556397547312], [-118.08930634718928, 33.73565745124511], [-118.08968960621874, 33.73563454902925], [-118.08977204012079, 33.73531347810013], [-118.08960737084436, 33.735223632619125], [-118.08977184967793, 33.734903703143864], [-118.09004591578966, 33.73474125624303], [-118.09068111003549, 33.735070044865736], [-118.0927885963196, 33.73616104818795], [-118.0961887933318, 33.73787942045184], [-118.09640785649701, 33.73792423461512], [-118.09681983017451, 33.73764787600209], [-118.09752591047942, 33.73680736067763], [-118.0987925880306, 33.73574720737335], [-118.09879223589101, 33.735517639087234], [-118.09835366758954, 33.73519599249151], [-118.09709236555699, 33.734488395768075], [-118.0967629245962, 33.73412184626412], [-118.09695489187747, 33.734075373881424], [-118.09912092765686, 33.73483257168432], [-118.0998617467121, 33.73499267565547], [-118.10020896623067, 33.73516059871202], [-118.10189113346539, 33.73597408195158], [-118.10285103544877, 33.73659308337503], [-118.10515449999188, 33.73760126583472], [-118.10693643232545, 33.738196766824714], [-118.10675889198764, 33.73851294592249], [-118.10671753445028, 33.73858659851554], [-118.10674290377221, 33.738733494892], [-118.10674492408327, 33.73874522086389], [-118.1081984817563, 33.73952351120249], [-118.10995386348334, 33.740279983386415], [-118.11116012034854, 33.74066790299348], [-118.11242189130166, 33.7408507594559], [-118.1136560264834, 33.74132989984955], [-118.11376332126093, 33.74139027215605], [-118.11414600806353, 33.741605598956184], [-118.11451806869465, 33.74181497915052], [-118.1149175611796, 33.742039794661125], [-118.11491778036851, 33.74227149308799], [-118.114540846377, 33.742999726007056], [-118.11431520844225, 33.743436603032386], [-118.11433737616854, 33.74352079350322], [-118.11448559280049, 33.74408811193027], [-118.11481610275646, 33.745353145298196], [-118.11519520887437, 33.74680399457087], [-118.11525039507721, 33.7470477059845], [-118.11547045986394, 33.74801955919759], [-118.11682033129192, 33.745907081066555], [-118.11672961312634, 33.74545317768883], [-118.11686641845928, 33.74513186862539], [-118.11733259737933, 33.744445715713724], [-118.11752386666961, 33.74435187677923], [-118.11840413390136, 33.74449892686911], [-118.1186206081219, 33.74453498533347], [-118.12087046929368, 33.74609234649694], [-118.12240523017682, 33.74667614357733], [-118.12248918672329, 33.74670807870641], [-118.12407967010348, 33.74751208801082], [-118.12502425850622, 33.74809318794193], [-118.1253832522432, 33.74831403271417], [-118.12586324006581, 33.74860930817358], [-118.12689756387721, 33.74917144361174], [-118.12763752324473, 33.7495735855498], [-118.12843207772363, 33.75001035439609], [-118.1324430949931, 33.75207384212723], [-118.13377546813767, 33.752759271507514], [-118.13626945906435, 33.753952058290814], [-118.13976806022775, 33.75526694727092], [-118.14633268242277, 33.757733715427165], [-118.14728382673043, 33.75799901117465], [-118.15093881560168, 33.75901860322335], [-118.15442177709598, 33.759617254287505], [-118.15506835479309, 33.75979971933225], [-118.15677969661333, 33.760282109372135], [-118.15916545581963, 33.76076325845629], [-118.16167531009587, 33.761167700015946], [-118.16290571637084, 33.76136594735611], [-118.16393651249814, 33.76153212349259], [-118.16698097396291, 33.76202286888175], [-118.16818807704114, 33.762275169471756], [-118.17079667503174, 33.76267628133335], [-118.17699145633271, 33.76362929329708], [-118.17871370010721, 33.76381958374877], [-118.17992611312708, 33.763953591938964], [-118.18340859222609, 33.7638129469239], [-118.18362821683833, 33.76374272888212], [-118.18373763702981, 33.76312551859451], [-118.18583881354735, 33.76188962390828], [-118.18623272479944, 33.76165793367925], [-118.18763237906386, 33.760834663407444], [-118.18855237788229, 33.76037383750495], [-118.18886667504403, 33.76021640378925], [-118.19034707976762, 33.759803735071955], [-118.19091411344293, 33.75972690349046], [-118.19100584400987, 33.75971447462614], [-118.1920478870445, 33.75971242903894], [-118.19240426219243, 33.7598479447913], [-118.19237684201673, 33.75996409564541], [-118.1921024821559, 33.760194192977146], [-118.1919929613531, 33.76056146078677], [-118.1919428569198, 33.760579519130694], [-118.19059389368857, 33.76106308177902], [-118.19059409221624, 33.76133772416942], [-118.19078617807511, 33.761590674269954], [-118.19218528077397, 33.76197859531106], [-118.19344632678664, 33.76175094860334], [-118.19383053174208, 33.76207130070504], [-118.19404977367199, 33.76225410256708], [-118.19500994245503, 33.76218571668072], [-118.19561336688251, 33.76250647043639], [-118.19607892596503, 33.762873816461806], [-118.19629535976138, 33.76285696768642], [-118.19640854658886, 33.76284829050232], [-118.19665491584372, 33.762576320565756], [-118.19668238812174, 33.76179612743638], [-118.1966902968895, 33.761781857962745], [-118.19679326448232, 33.76159607751889], [-118.19684730623149, 33.76149856954758], [-118.1968194647459, 33.76122501654207], [-118.19657289786167, 33.76104200561451], [-118.19618912319923, 33.761108030205676], [-118.19589983603335, 33.76124024503034], [-118.19553059251895, 33.76140900093536], [-118.1949547769134, 33.76129187818138], [-118.19407718845785, 33.76085905254873], [-118.19344662053572, 33.76092454031243], [-118.19311747781563, 33.76133946352038], [-118.19297499782505, 33.761359218482035], [-118.19278802877004, 33.761385143688315], [-118.1926787594955, 33.76131563836737], [-118.1927060009065, 33.760742487670825], [-118.19281575886454, 33.760514804072706], [-118.19325458138925, 33.76005673226899], [-118.1932970914651, 33.76002948999173], [-118.19372030396514, 33.75975749243991], [-118.1939122173475, 33.75973574753522], [-118.19512759840106, 33.75983416641156], [-118.19611227232667, 33.759913894871836], [-118.19671206666212, 33.76016980514036], [-118.19750330096772, 33.76050738730109], [-118.19774611379238, 33.76061098305997], [-118.19945251308191, 33.76133899003454], [-118.19945228490984, 33.76149871965874], [-118.19920601806292, 33.76181801744806], [-118.19911463873724, 33.762135417134935], [-118.19904125626002, 33.762390305103914], [-118.19902096780932, 33.762696250321724], [-118.19898636380626, 33.76321685758528], [-118.20068628444595, 33.76323822372274], [-118.2006906825976, 33.76274167510407], [-118.2006679911535, 33.76274225911015], [-118.2006592496475, 33.76250524342279], [-118.1998088729585, 33.76170422382933], [-118.1997538134181, 33.761544380324445], [-118.19989170211927, 33.76142817410643], [-118.20140920456917, 33.7621981929829], [-118.20156438044965, 33.762276930461326], [-118.20186214232194, 33.76249483135648], [-118.20200335389134, 33.76259816855671], [-118.20203115315614, 33.763513523799006], [-118.20211301842461, 33.76365180567421], [-118.20214412348962, 33.76364863474893], [-118.20282598521447, 33.763582784626465], [-118.2029083957603, 33.76314692881636], [-118.20314628851216, 33.76296467477589], [-118.203637662481, 33.76351244242662], [-118.20445670233961, 33.7644254593939], [-118.20476665075705, 33.76714409492001], [-118.20474998251696, 33.76829637878622], [-118.20473955756806, 33.769016886521406], [-118.20462857071472, 33.7767269733199], [-118.20491759916582, 33.77672394101593], [-118.20646120396292, 33.77670825233192], [-118.206549741019, 33.77025273741861], [-118.20659518948416, 33.76693536876686], [-118.20662909369963, 33.7644604206501], [-118.20530452152498, 33.76269494862971], [-118.20337810595777, 33.76012749179763], [-118.20062693095849, 33.75872126049299], [-118.19911272981727, 33.757947243847156], [-118.19900973617332, 33.757894601923425], [-118.1980461286394, 33.75740208077137], [-118.1980883117285, 33.75558647366345], [-118.19590447223854, 33.75475817608443], [-118.19475597435114, 33.75510976035497], [-118.19393991330602, 33.75419282533307], [-118.19373159039837, 33.75411535611024], [-118.19059323163019, 33.75294750897222], [-118.18863577208339, 33.752219036367755], [-118.18800815692362, 33.75198545796785], [-118.18765946686291, 33.75185568394818], [-118.18752231747523, 33.75173989929582], [-118.18787925856181, 33.75093863345822], [-118.18823981806234, 33.7506454357245], [-118.18903366017722, 33.74999978769314], [-118.19004811325453, 33.74910483319761], [-118.1900482237473, 33.748922553783935], [-118.18994667998423, 33.74877049338604], [-118.18991080845832, 33.748716776219545], [-118.18864958996907, 33.74553303380784], [-118.18864961781685, 33.745303278825176], [-118.18826555210029, 33.74413544014884], [-118.18813130427095, 33.74385542568037], [-118.1879916584651, 33.74356409208908], [-118.18773864886366, 33.74290208110271], [-118.18757033512213, 33.74246167781476], [-118.18644123814994, 33.73954628987006], [-118.18605637203444, 33.73855249400001], [-118.1899726745336, 33.738573673552665], [-118.19196907694632, 33.738610672019384], [-118.19196927906724, 33.73858441945449], [-118.19359164006363, 33.738593125240065], [-118.19388769603519, 33.73859471116607], [-118.19456317253497, 33.73802477617727], [-118.19460538976007, 33.73663160291885], [-118.18529645928783, 33.736610494602424], [-118.18529645928783, 33.732937583416835], [-118.19582969377933, 33.73285314872587], [-118.1963996281147, 33.73340197385253], [-118.19639962901304, 33.73454002336411], [-118.1963996281147, 33.73574503869882], [-118.19713843224876, 33.73635719066504], [-118.20231814871974, 33.73667105848392], [-118.20405791862542, 33.73868520601261], [-118.20449634319647, 33.73900408900805], [-118.20448735734868, 33.7390306581799], [-118.20444147140395, 33.73916633286615], [-118.20346241644043, 33.73976508518914], [-118.20208411692695, 33.740607968669714], [-118.19833768045814, 33.74062149167592], [-118.19699030185505, 33.74062632478871], [-118.19547639895451, 33.740631817505275], [-118.1946023471662, 33.7413300858519], [-118.1937855405194, 33.74198260424944], [-118.19235094358707, 33.74312861107497], [-118.19224140032638, 33.74344858905701], [-118.19225056583724, 33.743962430583686], [-118.1922687737897, 33.74498311579229], [-118.19288126850662, 33.745003085914156], [-118.19614421731649, 33.74510948733227], [-118.19717645523981, 33.74514312761698], [-118.19721931476033, 33.74884549210572], [-118.19723265653893, 33.74999790470311], [-118.19728494118341, 33.75130598498822], [-118.1973671963207, 33.7513521096859], [-118.19879255947023, 33.75130403107037], [-118.19885074784277, 33.7499979554938], [-118.19885016303951, 33.74728746835179], [-118.1988494812182, 33.74418144171808], [-118.20188109228286, 33.744181242276404], [-118.20249879992338, 33.74418119148227], [-118.20282531866451, 33.74418116384429], [-118.20312652647424, 33.744364073321755], [-118.20364208848041, 33.744597630651405], [-118.20378443552032, 33.7446621284051], [-118.20663653444512, 33.74473041099603], [-118.20666378843255, 33.747294042218776], [-118.2066895898441, 33.74972092919067], [-118.20669252913173, 33.74999728102334], [-118.20688207275838, 33.75049512467502], [-118.20693706402677, 33.75063956048117], [-118.20718368480995, 33.750869838945675], [-118.2082797821702, 33.750334620159784], [-118.20896900019886, 33.74999806977284], [-118.20906753909735, 33.749906535941705], [-118.20921562367698, 33.74976897657614], [-118.21291668803744, 33.747798375302715], [-118.21293150035815, 33.74761637246854], [-118.21299847605079, 33.74679062043547], [-118.21298294328123, 33.74678523567409], [-118.21266923182108, 33.746676487921654], [-118.20943639992942, 33.744389240263295], [-118.20709925934291, 33.74273555512185], [-118.20693745838722, 33.74262081289989], [-118.20652550177769, 33.74037800701955], [-118.206799902961, 33.74042235897534], [-118.21112940803299, 33.743380179206056], [-118.21538383281184, 33.74628674603055], [-118.21505582556227, 33.74892204885841], [-118.21521495762326, 33.74902912661482], [-118.21526515458302, 33.74906305442393], [-118.21535713667825, 33.749125225121794], [-118.21527579872084, 33.750018285211084], [-118.21525723144222, 33.7504346131285], [-118.21521855717262, 33.751301828431274], [-118.2151639369084, 33.75132823320795], [-118.21332043494357, 33.752219405337605], [-118.2129888784503, 33.75237967926683], [-118.21121886137068, 33.75323527041104], [-118.21013455709348, 33.75375937904145], [-118.20767812562718, 33.754946853553406], [-118.20765425020356, 33.75542005969758], [-118.2075549666017, 33.75738774484279], [-118.20748031929655, 33.7588670954713], [-118.20741246864483, 33.76021171890659], [-118.20726897804956, 33.76305546130007], [-118.208420624532, 33.76298770635965], [-118.20855726008334, 33.75982472416109], [-118.2089281645827, 33.75907889138029], [-118.20943399334277, 33.758061760924825], [-118.21064048826152, 33.758084201572856], [-118.21058761162726, 33.76296403849469], [-118.21136205821686, 33.76289790779267], [-118.21165693470046, 33.7628726850451], [-118.21181970673497, 33.75648161742831], [-118.21297871940276, 33.7564553008751], [-118.21313013852871, 33.75645186081196], [-118.21390358259848, 33.75643429975797], [-118.21398808891388, 33.76273367377218], [-118.21486526055114, 33.76280155288393], [-118.2148661983923, 33.76275497953842], [-118.21497365486658, 33.75741942578537], [-118.21623877743406, 33.75741911808019], [-118.21670109270008, 33.75741900231733], [-118.21673332964234, 33.75748032599579], [-118.21685403267384, 33.757709937070636], [-118.21713661032287, 33.758247475837706], [-118.21903822699834, 33.761864618934986], [-118.2194321822679, 33.762613930771565], [-118.21982632348869, 33.76336357734738], [-118.2202998928486, 33.76426427448799], [-118.22073526853757, 33.76509230994539], [-118.22056073036943, 33.7652939154777], [-118.22037874426928, 33.7655041421896], [-118.22037915390106, 33.76580122615279], [-118.22051645779896, 33.76616691215093], [-118.2204929569728, 33.76658990355275], [-118.22048962152817, 33.76664993994779], [-118.22029743326135, 33.767014101893196], [-118.2197379166883, 33.76731104097566], [-118.21947505346651, 33.76745054366625], [-118.21832319498165, 33.767290958059775], [-118.21808569389526, 33.7672417742], [-118.21722566840181, 33.76706366673798], [-118.21695090250249, 33.767131803790676], [-118.21681437924056, 33.76745301248725], [-118.216869518731, 33.767612782990504], [-118.2177748678238, 33.768228799744755], [-118.21791152852798, 33.7684369858261], [-118.21719987597338, 33.76875359183857], [-118.21714365491133, 33.76877862168521], [-118.21623721346714, 33.769100062423796], [-118.21595579913638, 33.76919985502993], [-118.2137156523461, 33.7699942040627], [-118.21338669108566, 33.76997015206409], [-118.2121455652144, 33.769614558953975], [-118.21171338303627, 33.76949073112618], [-118.2112198387377, 33.76967419371845], [-118.2111651735577, 33.769856715014356], [-118.21259807806403, 33.770346032004625], [-118.21264628256051, 33.77036257612939], [-118.21154963632962, 33.77081968780124], [-118.20987598692044, 33.77045507083338], [-118.20946520890055, 33.77052014877003], [-118.20902639805396, 33.770750763628975], [-118.20908064282239, 33.77088803916859], [-118.21034308930861, 33.771302014321535], [-118.21026056737165, 33.77141570857496], [-118.2080668023961, 33.77226494398267], [-118.2080683771428, 33.772404498346226], [-118.2080852106729, 33.77242597718886], [-118.20842343625885, 33.7728575078307], [-118.2084232467143, 33.77304214900712], [-118.20848199473726, 33.77310360786446], [-118.20853275853396, 33.77315677061792], [-118.20878003688391, 33.77311220037747], [-118.21072733289158, 33.772377473557825], [-118.21086392083224, 33.77249092967203], [-118.21111135818398, 33.77249145312688], [-118.21145046142396, 33.772344549616456], [-118.21264682154967, 33.77182626040061], [-118.21264634005267, 33.77143644615754], [-118.21322231825329, 33.77114145990189], [-118.2139632648693, 33.77116351927617], [-118.21484382135857, 33.77097876801419], [-118.21495021512588, 33.77095644574012], [-118.2163493941815, 33.77045238330299], [-118.21761987879289, 33.76983439170122], [-118.21870717086668, 33.76930549012067], [-118.21953016870245, 33.76907625212304], [-118.21999862575005, 33.769077352094115], [-118.22051754206551, 33.76907856855905], [-118.22076423830717, 33.76923676710077], [-118.22098429770399, 33.769558315893185], [-118.22105941482806, 33.7699667147836], [-118.22109401344123, 33.77015480618364], [-118.22103900600312, 33.77063456168009], [-118.22097822060111, 33.77072921118574], [-118.22094794198613, 33.77077635892178], [-118.22084712675675, 33.77093327815116], [-118.22021560662044, 33.771344952392305], [-118.21909285175414, 33.77207683257279], [-118.21826968323849, 33.772490623514415], [-118.21805062097162, 33.7727433861244], [-118.21391825837526, 33.774431193547144], [-118.21143413184872, 33.775445785091804], [-118.21039571441457, 33.7758698828408], [-118.20935684243291, 33.7762941509763], [-118.20930178558746, 33.77638657506117], [-118.20979541432766, 33.777324489673006], [-118.2115741306925, 33.77664117050032], [-118.21200167307218, 33.776476921004864], [-118.21501609217893, 33.77531880490525], [-118.21675815099198, 33.774649466012384], [-118.21731046487305, 33.77443724711666], [-118.21736523785087, 33.77448433307552], [-118.21717368648959, 33.77526064656543], [-118.21764020856608, 33.77530800685783], [-118.2177872573882, 33.774815101910534], [-118.21783467406216, 33.77465613559978], [-118.21791043437996, 33.774402138348925], [-118.21794105704969, 33.77429947174094], [-118.21832000147081, 33.77413033799546], [-118.21947711959164, 33.77361387111596], [-118.219988393939, 33.77331654243343], [-118.22046431149504, 33.77303976995369], [-118.22459219059982, 33.770925207390576], [-118.22520834056162, 33.770609597342165], [-118.22546847829486, 33.770595118007904], [-118.22559170379563, 33.77058825992526], [-118.2263649951518, 33.770364355621396], [-118.2277313201225, 33.76996872502891], [-118.22885529490095, 33.76985467116272], [-118.22891079192091, 33.769717208773486], [-118.22945865105649, 33.76944120278262], [-118.23006207997553, 33.76925734241833], [-118.23202052497422, 33.76919425287691], [-118.23221361694621, 33.769188030170376], [-118.23223521873388, 33.76918733419501], [-118.23224753733136, 33.76918693692152], [-118.23349677498963, 33.76914664949649], [-118.23370998652906, 33.76913977262904], [-118.23461491341368, 33.76886639411132], [-118.23549691708885, 33.76840089708872], [-118.23565654322327, 33.768316649650565], [-118.2361773810351, 33.768271486203034], [-118.23738450746951, 33.768568175991135], [-118.238372540196, 33.76891049012941], [-118.23845381527131, 33.76785733436008], [-118.23878678032297, 33.76743993430672], [-118.23889277613661, 33.767306927760686], [-118.23894128965352, 33.76729605551993], [-118.24098196014509, 33.76683867637438], [-118.24105904188468, 33.76680072823971], [-118.24114688184812, 33.76680091642713], [-118.24505918774257, 33.76588733779509], [-118.24604984534635, 33.76565598023762], [-118.24637734684443, 33.76539927011054], [-118.24643312683367, 33.7653555994484], [-118.24906560294285, 33.76446195232844], [-118.24963541959893, 33.764366196615434], [-118.25002562889372, 33.7643006211189], [-118.2502172664933, 33.76439368246358], [-118.25024512504689, 33.76447430881194], [-118.25027246886583, 33.76455344298792], [-118.250492013528, 33.76523972549142], [-118.2499169471174, 33.76560710759597], [-118.24999959841173, 33.76611254946337], [-118.2504938424979, 33.766865687227465], [-118.25092944635898, 33.76698378287862], [-118.25112120792605, 33.76746415951934], [-118.25112353815587, 33.767473214101535], [-118.25043918540278, 33.76764501724281], [-118.24991800353617, 33.767233072069615], [-118.24818857503602, 33.76558314846101], [-118.24791424661623, 33.76558385342708], [-118.2479482864773, 33.765852309163655], [-118.24796962505857, 33.76602060045045], [-118.24788745795615, 33.76640925195376], [-118.24842614080113, 33.767119174371516], [-118.24857631665874, 33.76731708683377], [-118.2494524408604, 33.76847167885212], [-118.24986373810648, 33.76833794954828], [-118.250165005205, 33.76824010274939], [-118.2503027600572, 33.768333241213185], [-118.2503578079195, 33.768812761972036], [-118.25000150194184, 33.76945424705385], [-118.24939848175622, 33.770302614769726], [-118.24942718472619, 33.77103771781667], [-118.24920784937144, 33.77154038937821], [-118.24898910600653, 33.77179096014624], [-118.24838537794847, 33.77190733750204], [-118.24800180900024, 33.77225062472793], [-118.2476448921682, 33.772754639996464], [-118.24728926082533, 33.773053881488096], [-118.24686732123803, 33.773301330278734], [-118.24605502233734, 33.77377769748656], [-118.24454582660887, 33.77466274320997], [-118.24334075372319, 33.77536941331406], [-118.24239067930904, 33.776025746621386], [-118.24221710233827, 33.77614565531449], [-118.24205209799024, 33.776398239881864], [-118.24199794754493, 33.77692533176271], [-118.24216254765106, 33.777337028732546], [-118.24284893868155, 33.77738382935793], [-118.24323208093001, 33.77727028265456], [-118.2438080447576, 33.776718319940954], [-118.24409418153176, 33.776558902427396], [-118.2466050383279, 33.77516001127076], [-118.24707057495255, 33.775092522020216], [-118.24835935375468, 33.77426632601846], [-118.24894911750164, 33.77377376454024], [-118.24948326295612, 33.77332764613977], [-118.24986726489227, 33.77268505204948], [-118.24986685436221, 33.77238779033584], [-118.24995520277209, 33.772183155587314], [-118.24997582988763, 33.77213540526837], [-118.250054814259, 33.77180516597456], [-118.25024950074062, 33.77099063817769], [-118.25095513907439, 33.76966449492313], [-118.25374031979875, 33.76659372779933], [-118.25429047143493, 33.76598712667483], [-118.25475774629966, 33.76547189593018], [-118.25488013007899, 33.76533679532252], [-118.25488034477635, 33.7653367139226], [-118.25518163523107, 33.765222320076376], [-118.255757050188, 33.765519214585936], [-118.2561135043877, 33.76549691404001], [-118.25614118417654, 33.76531333646025], [-118.25608328326491, 33.76519300187259], [-118.25597668198677, 33.76497145528054], [-118.25660395758337, 33.76429507689578], [-118.25677069657819, 33.76411528151843], [-118.25861200126383, 33.76212973535757], [-118.25855659407542, 33.761900163007205], [-118.25929804554463, 33.761032494789134], [-118.25951691377539, 33.76098683385073], [-118.259681954056, 33.761121529814936], [-118.2597366605585, 33.761328568864684], [-118.25973882549835, 33.76135014159602], [-118.26003630080804, 33.76440040213787], [-118.26006244447775, 33.7658200891727], [-118.2601447777685, 33.76602586302505], [-118.26025513130956, 33.76606504892045], [-118.26033723283496, 33.76609420328073], [-118.26222921687567, 33.76609500084352], [-118.26325862690247, 33.76548306786395], [-118.26326758400415, 33.765477640962885], [-118.26324449191145, 33.764857099779974], [-118.26305272854776, 33.764581644952244], [-118.26127069560289, 33.763162075561176], [-118.26108168557553, 33.75892590199611], [-118.2614290649942, 33.75855043501024], [-118.26311134362004, 33.756731497314014], [-118.26368843573161, 33.75610749978436], [-118.26437411799134, 33.756016857515604], [-118.26628189621138, 33.754110300438676], [-118.26638725511948, 33.754005005124704], [-118.2671450172993, 33.753247689758226], [-118.26717345796119, 33.75323552584867], [-118.26720340599613, 33.75322271811495], [-118.26730922124841, 33.75317740032237], [-118.26739164976054, 33.753248277563465], [-118.26760297393956, 33.75550094991796], [-118.2678277755428, 33.7578971300211], [-118.2678548372907, 33.75876509809472], [-118.26782750874314, 33.75904099283557], [-118.26758021512185, 33.75945483552239], [-118.26703824803622, 33.76003818314472], [-118.2665734839627, 33.76053842182955], [-118.26653779299818, 33.76057676706322], [-118.26618120315285, 33.76126328230526], [-118.26596134767358, 33.76142384104333], [-118.26576933637486, 33.761765457064314], [-118.26585103186176, 33.761863775030086], [-118.26596076915855, 33.76199583932551], [-118.2657145310577, 33.76213497800705], [-118.26563146294508, 33.76240879845495], [-118.2657685737052, 33.76252448132133], [-118.26601595625971, 33.762500089666695], [-118.26955202615363, 33.75866938008102], [-118.26988444502958, 33.75830929035047], [-118.26966639157078, 33.755425278857444], [-118.26955755618253, 33.75462156109187], [-118.26955730645088, 33.75366013982755], [-118.27076430352786, 33.753661417009404], [-118.27150441740561, 33.75386772718909], [-118.27197055679981, 33.754117444403505], [-118.27210736752264, 33.754325484763385], [-118.2721900969704, 33.754365721645456], [-118.27309452708666, 33.75480699068051], [-118.27367048103277, 33.75524118602075], [-118.27372401074224, 33.75541004112049], [-118.27377960567853, 33.75558540936913], [-118.27405402572649, 33.755974177650444], [-118.27421822608231, 33.756433283273594], [-118.27435507812764, 33.75730316393564], [-118.27427237113776, 33.757691821361206], [-118.27408042451773, 33.75792080003204], [-118.27339382956968, 33.75970733784926], [-118.27339354570205, 33.75998205852032], [-118.27295010134517, 33.76107827220796], [-118.27273520456627, 33.761609557633946], [-118.27215803969119, 33.763166195696364], [-118.27207603428553, 33.7632125022084], [-118.27156819958743, 33.76467785895603], [-118.27136207934885, 33.765272599887574], [-118.27119735797012, 33.765594961869446], [-118.27105989956199, 33.766121220342725], [-118.27097791481759, 33.766190133303255], [-118.27092288132835, 33.766577597408364], [-118.27149864572992, 33.766624473361595], [-118.272126261788, 33.76656308005389], [-118.27300161882842, 33.76647744553515], [-118.27616125239746, 33.76616821677734], [-118.27838152755538, 33.76871040678553], [-118.27857345710741, 33.76871078165847], [-118.27972519701463, 33.76827540073286], [-118.27972308417709, 33.76824851204646], [-118.27969822599655, 33.767932078164215], [-118.27682058437496, 33.76291717547546], [-118.27682072091889, 33.76273256326432], [-118.27619064527354, 33.76177145327676], [-118.27619027426935, 33.76165673204539], [-118.27660918473748, 33.761486652513085], [-118.27720507050309, 33.761245196472906], [-118.27717785873651, 33.760464996454616], [-118.27682157880999, 33.76016543989981], [-118.27673971174488, 33.76009908821618], [-118.27668536726345, 33.75826627479733], [-118.27794751910227, 33.757350851567885], [-118.27816683020248, 33.757260174764546], [-118.27857795587036, 33.757395283622095], [-118.27893428879747, 33.75719050552405], [-118.27967513480218, 33.756550081805116], [-118.28008596492431, 33.75629784726587], [-118.28013825585701, 33.75628670998446], [-118.28015464921263, 33.75628321763385], [-118.28277416892045, 33.75572511039466], [-118.28483034433386, 33.75552022523846], [-118.28647627353004, 33.755222992861356], [-118.28689405930743, 33.75506732501411], [-118.287709982012, 33.7547633034183], [-118.28797563899433, 33.75474346328593], [-118.28828595212778, 33.75472013073467], [-118.28935533808303, 33.75483321437971], [-118.28930043395117, 33.75458104873043], [-118.28886185127662, 33.75428278762474], [-118.28839594364779, 33.75407802897988], [-118.28817673046396, 33.753871507190034], [-118.28820376705907, 33.75339063237131], [-118.28831082647801, 33.75320094391758], [-118.28823082521373, 33.75319751642104], [-118.28833673299248, 33.7531550405483], [-118.28842397467793, 33.75300046538922], [-118.28845123225858, 33.75272452282604], [-118.28817703409452, 33.75263528339126], [-118.28740879576186, 33.752610443770756], [-118.28644913093372, 33.7527695398582], [-118.28521517631337, 33.75345644326953], [-118.28486014594341, 33.75354548765798], [-118.28384433910497, 33.75380030556754], [-118.28381628022707, 33.75405367898806], [-118.28335315198571, 33.754124196252626], [-118.28321345767081, 33.75414546606765], [-118.28293932777872, 33.75384677772026], [-118.28282936769973, 33.753824498784724], [-118.28178770285584, 33.75405258330548], [-118.28167750741825, 33.75396053845032], [-118.2816503863815, 33.75377934786646], [-118.28096482988592, 33.753388180323775], [-118.28058090879809, 33.75324971682736], [-118.28036204236395, 33.75345514890611], [-118.27945582999017, 33.75492257326808], [-118.27926430917161, 33.755036921857425], [-118.27888027220112, 33.754923147618015], [-118.27900833153646, 33.754617301625984], [-118.27926495326365, 33.754005616078246], [-118.27814036313927, 33.75357056377195], [-118.27792155060403, 33.75361620476025], [-118.27782594380668, 33.75370990583921], [-118.27745498091681, 33.75407347073244], [-118.27742710799019, 33.754211958292615], [-118.27720824155605, 33.75425767885614], [-118.27652218469883, 33.75409850934769], [-118.2766598443296, 33.753592606756065], [-118.2741324971598, 33.75290669407355], [-118.27345187241511, 33.75272196320612], [-118.27355714418664, 33.75240252921012], [-118.27405602268135, 33.750889491005154], [-118.27416634927297, 33.75029252753224], [-118.273949597473, 33.74999371745895], [-118.27400507023843, 33.74953636101183], [-118.27441642856998, 33.749052468931], [-118.27444420358025, 33.74838911847761], [-118.27480059759279, 33.748366728324385], [-118.27770667358806, 33.7492595558021], [-118.2777631632464, 33.74913887226925], [-118.27782271166828, 33.749011652178254], [-118.27814568745393, 33.74832161038509], [-118.27559630820349, 33.74710698969923], [-118.27504767112686, 33.74674125600187], [-118.27504799182542, 33.746649093496345], [-118.27673791331767, 33.743399865849], [-118.2772158511848, 33.74248065428354], [-118.27779171260447, 33.74225263609122], [-118.27847780449595, 33.740693683561936], [-118.27861457838785, 33.740534537431444], [-118.27861932149253, 33.740127012002496], [-118.27862438439749, 33.73969186612764], [-118.27862968715263, 33.73923606754846], [-118.27864283759007, 33.73810584042925], [-118.27840365575577, 33.73658090365647], [-118.27833255499935, 33.73612757918854], [-118.27815075035889, 33.73496812825198], [-118.2767532484579, 33.73272348919409], [-118.27672985453127, 33.73268251600321], [-118.27660622119535, 33.732465975221984], [-118.27557554274739, 33.730660713319786], [-118.27502466078086, 33.729827711839114], [-118.27469847082308, 33.72933446019856], [-118.27467314911186, 33.72911929385742], [-118.27467129588743, 33.729103764558644], [-118.27476309562462, 33.729095500842796], [-118.27491773610923, 33.72908158080179], [-118.27650761402494, 33.7302032276355], [-118.27680909492248, 33.73029585158441], [-118.2776862396103, 33.73093743585822], [-118.27804254828291, 33.73107278416579], [-118.27804264979255, 33.73091296947424], [-118.27776853068023, 33.73047896772925], [-118.27494493709601, 33.72870433427935], [-118.27401394379682, 33.72811920830191], [-118.27266766024006, 33.724431257490984], [-118.27171379403711, 33.72181805216464], [-118.2716728811658, 33.72163008186342], [-118.27165889709177, 33.72156594187354], [-118.27113872223661, 33.72033001683512], [-118.27113853179377, 33.720125088970754], [-118.27330431065496, 33.71957540485048], [-118.27332875920375, 33.71968628281248], [-118.27335934234758, 33.71982520994559], [-118.27352405114988, 33.719941869291695], [-118.27467331889346, 33.72337726846344], [-118.27469894962516, 33.7234464025655], [-118.27491976899671, 33.72404201374746], [-118.27535792586978, 33.72530171602315], [-118.27549479318648, 33.72566739842451], [-118.27549477791511, 33.72574372333244], [-118.27549475635556, 33.72585205083638], [-118.27571386713146, 33.725873961977754], [-118.27620780309549, 33.725737516150595], [-118.27620785879103, 33.725392980991664], [-118.27527642531733, 33.72292069284336], [-118.27505768374903, 33.72225480617557], [-118.2749973618777, 33.72222115766304], [-118.27497535944143, 33.72220891314277], [-118.27467112341091, 33.721317818496956], [-118.27316876925165, 33.716917482881925], [-118.2729767220203, 33.716207435516125], [-118.27295013907441, 33.71492519343007], [-118.27363577552009, 33.714007949905586], [-118.27380433001011, 33.713927570522166], [-118.27382810661904, 33.713916128097715], [-118.27621187875194, 33.71524615980841], [-118.27648588018494, 33.715544875712055], [-118.27654046271992, 33.715911798216844], [-118.27599156872513, 33.71785882172384], [-118.275882146737, 33.717926771473294], [-118.27587951377491, 33.71799660261989], [-118.27583832601913, 33.71908886309279], [-118.27582601281154, 33.71941536476695], [-118.27593611841758, 33.71982717578825], [-118.27607882208866, 33.72020076651768], [-118.2772226020242, 33.723195773435684], [-118.27744225717915, 33.72319516375699], [-118.27829268147883, 33.720674106825165], [-118.27848493172942, 33.72058457328088], [-118.2787859904188, 33.72106457402121], [-118.27890916022403, 33.72145910703679], [-118.27907811087107, 33.72200028232782], [-118.27912420342832, 33.72214791615884], [-118.27925124766739, 33.72255512799857], [-118.27941585226509, 33.72275947848518], [-118.2800183208851, 33.72466077399866], [-118.28037482718709, 33.72470817718902], [-118.28223901106469, 33.72418058790235], [-118.28222808305925, 33.72407056824086], [-118.28221161694009, 33.7239047917087], [-118.28176384899177, 33.72283537860435], [-118.281445075525, 33.72207402455856], [-118.28124467485983, 33.721415981099085], [-118.28122430825572, 33.72134910480786], [-118.28106137182948, 33.72081393494827], [-118.28080574274065, 33.72030969502557], [-118.28075984152458, 33.72021915091227], [-118.28007539624501, 33.71833963870054], [-118.27993813366959, 33.71783446817503], [-118.28026733657681, 33.717468806202724], [-118.28144594150093, 33.71721664428404], [-118.28237786275984, 33.71678174761247], [-118.2826795969823, 33.71675943364496], [-118.28292982000977, 33.71687905386801], [-118.28306363215616, 33.71694302325983], [-118.28331017388757, 33.716943449916556], [-118.28361191349994, 33.71659917834527], [-118.28364623453365, 33.71651447053877], [-118.28435241904315, 33.714767536556856], [-118.2844613307882, 33.714102365265916], [-118.28451732457647, 33.71376038155221], [-118.28432541478738, 33.713255420211574], [-118.28410610907707, 33.71300382876886], [-118.28374974381062, 33.712796617768205], [-118.283641804941, 33.71182996922773], [-118.28353964134037, 33.71091501961413], [-118.28350427376934, 33.71059827553281], [-118.28342144281193, 33.710414976489375], [-118.28317482831697, 33.71004748947241], [-118.28224564063146, 33.70983564647472], [-118.28112297110515, 33.709579624888505], [-118.28016036429446, 33.70936009425953], [-118.27944848446612, 33.70906263244444], [-118.27922914192484, 33.70878842871221], [-118.27742047303349, 33.70791761293335], [-118.27742062574711, 33.70775554016402], [-118.27785471325197, 33.70727285621544], [-118.27816084742267, 33.7069324467609], [-118.27922947969141, 33.70734497825997], [-118.27943593500157, 33.70758544566644], [-118.27985953737044, 33.7080786623612], [-118.28076374560281, 33.70848924766022], [-118.2829013335338, 33.70871979170502], [-118.2840420690788, 33.708667813795365], [-118.28432686466824, 33.70865483425867], [-118.28484730362811, 33.70853740556823], [-118.28515844770318, 33.70821231674657], [-118.28528600847352, 33.70807903749918], [-118.28606880131042, 33.706670038322734], [-118.286163286112, 33.70650023312262], [-118.28687617564675, 33.70636090778926], [-118.2872298297977, 33.7061299419116], [-118.28801082420738, 33.70561987717383], [-118.28813704648796, 33.705537440070806], [-118.28874001906287, 33.70521607794743], [-118.29057587456799, 33.70501162143657], [-118.29107523096643, 33.704903002339364], [-118.29131631812743, 33.704850560279226], [-118.29156323984623, 33.704941123588256], [-118.2927143185934, 33.70478241335331], [-118.2935090482438, 33.70459889339578], [-118.29354762010547, 33.7045763610351], [-118.29385836083696, 33.704393871937405], [-118.29405677173376, 33.70427734840421], [-118.2946327921552, 33.70432434733937], [-118.29487956744859, 33.70452954383604], [-118.29534476720498, 33.70576779773928], [-118.29542661810042, 33.70700499729198], [-118.2958101547093, 33.70787535825786], [-118.29652289781866, 33.7085398461939], [-118.2974273746473, 33.709135079546336], [-118.29829466032487, 33.70949641367337], [-118.29846871789434, 33.709568929158536], [-118.29983863792283, 33.70968418411641], [-118.30079835485326, 33.70966222475367], [-118.30186700868154, 33.71002723547241], [-118.30229268346378, 33.710242043156946], [-118.30331980727814, 33.71076034742109], [-118.30447077283762, 33.711036221711154], [-118.3052405454928, 33.71131726763942], [-118.30573097623058, 33.71149632257862], [-118.30586848224944, 33.711494802657704], [-118.30592441764722, 33.71150874796845], [-118.30641603955108, 33.7116327521844], [-118.30773166989538, 33.711793076533844], [-118.30904744397013, 33.71240849968244], [-118.30933542139233, 33.71246973971683], [-118.30979165506389, 33.71256675943249], [-118.30979987015718, 33.71256850649775], [-118.30992447636855, 33.71259500464614], [-118.31002189147456, 33.71264107916858], [-118.31093914773648, 33.713074905837864], [-118.31107451756158, 33.71320467426057], [-118.31114539104423, 33.713272651605116], [-118.3111781957218, 33.7133040947796], [-118.31119414351302, 33.71331938184176], [-118.31122132114362, 33.71334543066659], [-118.31151410006102, 33.713626059550506], [-118.31155790191428, 33.71364122326101], [-118.31184336674862, 33.71374004399008], [-118.31226842887982, 33.71381686670153], [-118.31247371099023, 33.71385396775218], [-118.31263820958677, 33.71397290904984], [-118.31288462914728, 33.71415108418788], [-118.3132568478819, 33.71430705045834], [-118.31348721364999, 33.71440377368879], [-118.31433688695809, 33.71440231285064], [-118.31472120869452, 33.714495684642905], [-118.31529605232295, 33.71442755807302], [-118.31611850128805, 33.71392283229905], [-118.31683158575721, 33.71367043803635], [-118.31748915254519, 33.71355589382225], [-118.31773590358405, 33.71373870494037], [-118.31792760676063, 33.714610727500194], [-118.31796045276067, 33.71464528090189], [-118.31822958262993, 33.71492856641377], [-118.3186682515427, 33.715114054907666], [-118.31924325956282, 33.71520566322266], [-118.31946260749396, 33.71529731403168], [-118.31961397631427, 33.715485186115586], [-118.31968158981077, 33.715569105124295], [-118.31987021805413, 33.7157388520432], [-118.32006565283238, 33.71591472208339], [-118.32010894264594, 33.71634701910297], [-118.32011689543114, 33.71642643829289], [-118.32012065937218, 33.71646402913545], [-118.32028549573525, 33.71671574792644], [-118.32058625977719, 33.716945560036656], [-118.32118951532142, 33.717175753354844], [-118.32135408398652, 33.71717283476169], [-118.32223113165627, 33.717037318080926], [-118.322450865863, 33.71719653469164], [-118.32250581580892, 33.717585894657226], [-118.3226699955035, 33.71783764378314], [-118.32351981613533, 33.718365315392475], [-118.32447889975346, 33.718295860386334], [-118.32574015237869, 33.718456165570004], [-118.3263014431244, 33.7186937744791], [-118.32785083846181, 33.719349272212526], [-118.33042666501255, 33.72001433112478], [-118.33081103346139, 33.72019558855092], [-118.33179821907656, 33.72097386483136], [-118.33251022287243, 33.72138591270131], [-118.33283945362744, 33.721477171373046], [-118.33360549647753, 33.72174369404765], [-118.33388514112718, 33.721840978241495], [-118.3342922135965, 33.72198259168455], [-118.33538892450605, 33.722258305141935], [-118.33675991891963, 33.72294298279472], [-118.33739023890674, 33.72333389767574], [-118.33818534854449, 33.723469740635835], [-118.33865153015951, 33.72363157379575], [-118.33972009954616, 33.723768720061976], [-118.34018667911482, 33.72397337100169], [-118.34101314534591, 33.7245018745719], [-118.34111860306868, 33.724569372271475], [-118.34185892266063, 33.725254969147166], [-118.34290053001234, 33.72582796852285], [-118.34481970695501, 33.72601075350954], [-118.34561500883225, 33.72624128188861], [-118.34643749642491, 33.72630831500084], [-118.34725968937018, 33.726627805087546], [-118.34845900944475, 33.72681605208693], [-118.3487127889024, 33.72685591635931], [-118.3506585856219, 33.72685727238826], [-118.35181008927222, 33.72713033135603], [-118.35211788532622, 33.72746687882573], [-118.35216643477573, 33.72751996379017], [-118.35252381873174, 33.72871117927622], [-118.35285300906254, 33.7290770533513], [-118.3536480594115, 33.729764702357706], [-118.35414156777746, 33.73006027103035], [-118.3544265906407, 33.7304262984843], [-118.35458621318185, 33.730631282440484], [-118.3546077215447, 33.730658934497825], [-118.35469079774215, 33.73150430109803], [-118.35485539784831, 33.731825749362244], [-118.35488303811128, 33.73209925421523], [-118.35515723178376, 33.73265004672461], [-118.35718666435115, 33.73429843466408], [-118.3581737951691, 33.73482429133792], [-118.35896948242359, 33.73578650123624], [-118.35968090500948, 33.736308638236636], [-118.3603410796067, 33.73679304147589], [-118.36097153793435, 33.73711169320086], [-118.36212258074895, 33.73718214894662], [-118.36409696096244, 33.73768430264378], [-118.36546830931226, 33.73795883167103], [-118.36642803253088, 33.737981410550965], [-118.36735178181563, 33.73792089316316], [-118.36782582279106, 33.73788977350424], [-118.36829192176106, 33.73770692865878], [-118.36856802615017, 33.73721137812111], [-118.36867536584347, 33.737018722514854], [-118.36878462433819, 33.736353991089764], [-118.36892720134685, 33.7362468108519], [-118.36905851977002, 33.73614809223091], [-118.36971689863503, 33.73614804740836], [-118.3698263996749, 33.7362175477319], [-118.36982729260026, 33.73745151684868], [-118.36996450127677, 33.73768207126776], [-118.37097952119103, 33.738253808114564], [-118.37221289999128, 33.738275361999975], [-118.3727353754319, 33.73818240452745], [-118.37295313783655, 33.7379563530363], [-118.37295254225351, 33.73770410414238], [-118.37380163884322, 33.73701535189325], [-118.3738019730165, 33.736945158967025], [-118.37380229191845, 33.736878005673475], [-118.37415794392257, 33.73671795377798], [-118.37495310296767, 33.736968494113526], [-118.37528259603071, 33.73721957083424], [-118.37536440111207, 33.737427571508945], [-118.3753929145375, 33.73788591959015], [-118.37530332824916, 33.73814066749566], [-118.37525612537425, 33.73827489212189], [-118.37539332866085, 33.73914467163423], [-118.3758600411802, 33.73962609546273], [-118.37713449275186, 33.740363022084644], [-118.37757557094628, 33.74043437903641], [-118.37782143624628, 33.74047435127387], [-118.37798424331511, 33.74050081989172], [-118.37979344490742, 33.74150779634263], [-118.38056053429483, 33.74180679882815], [-118.38124580243122, 33.74180758242403], [-118.38168869791743, 33.7419716966761], [-118.38173938356071, 33.74199047754149], [-118.38508489024015, 33.74164740153167], [-118.38519686613863, 33.7416113179495], [-118.38544075424672, 33.74153248828606], [-118.38612668174652, 33.740983898932186], [-118.38692206806537, 33.74063979475477], [-118.38694922233977, 33.740548297249546], [-118.38744337928937, 33.74020659967582], [-118.38906122445482, 33.73938212466272], [-118.38952687786045, 33.739266693688876], [-118.39193975810348, 33.7393367114082], [-118.39237809194468, 33.73915492816884], [-118.39245710596045, 33.73906641864222], [-118.39262541700701, 33.73887810439265], [-118.39284503533105, 33.73821296530586], [-118.3931739822184, 33.73787169768202], [-118.39363991140682, 33.73803101907462], [-118.39434429299752, 33.7378956653086], [-118.39470959290782, 33.73782546787344], [-118.39550480764845, 33.7374588638997], [-118.39616282898398, 33.736886666063015], [-118.39660168474636, 33.73640536506359], [-118.39712258544026, 33.73606446750602], [-118.39775308059883, 33.735856091498064], [-118.39841141364975, 33.73585803157401], [-118.39920670205224, 33.73604112613728], [-118.39980932428419, 33.736293207354315], [-118.40054940043267, 33.73707084461917], [-118.40068559580955, 33.737622938661794], [-118.40093260915648, 33.73805567989673], [-118.40139812062829, 33.73842433862055], [-118.40169992132607, 33.73851442054371], [-118.402549953062, 33.738447124303185], [-118.4029606924543, 33.73865386700688], [-118.4030155992811, 33.738950854274336], [-118.40293552704993, 33.73915188781238], [-118.40287860081038, 33.739294806859604], [-118.40287848762264, 33.74000418440198], [-118.4030974780243, 33.740280346431575], [-118.40383742930699, 33.740645749118535], [-118.40409189597585, 33.74068135950697], [-118.40449562850893, 33.74073785756789], [-118.40545518374259, 33.74107991307917], [-118.40630485525408, 33.7410823131887], [-118.40709966485451, 33.74087547773351], [-118.41080104272704, 33.740693499799214], [-118.41151387926115, 33.74076069791419], [-118.41176188973806, 33.740882667621015], [-118.41180386621467, 33.74108014763703], [-118.41184279919906, 33.74126386002732], [-118.41132170357075, 33.742363704369986], [-118.41129367703222, 33.74302932146174], [-118.41131059859721, 33.74306102937217], [-118.41140392906365, 33.743236056856716], [-118.41241754580945, 33.74408225491201], [-118.41266432200112, 33.74472437624328], [-118.4135412277371, 33.74586938734141], [-118.41392528087724, 33.74657959490183], [-118.41389761546142, 33.74731272630974], [-118.4136142311253, 33.74795579821053], [-118.41340382682112, 33.74843396972542], [-118.41329359994252, 33.74912126340774], [-118.41343123711538, 33.74964873519286], [-118.4136465929334, 33.749884683969135], [-118.41377380785237, 33.75002406339717], [-118.4148801855327, 33.751306128395036], [-118.41381067471161, 33.752428389157224], [-118.4137277188884, 33.75290949493554], [-118.41383755949144, 33.753138747792796], [-118.4143884854754, 33.75361984211622], [-118.41446799625952, 33.75368927375997], [-118.41530934757485, 33.75402289754717], [-118.41556498385019, 33.75412426870056], [-118.4161134556368, 33.75469633660463], [-118.41619512058097, 33.75494710301091], [-118.4161412611898, 33.75602692830263], [-118.41690787716504, 33.75671009519888], [-118.4174014672777, 33.75735214587249], [-118.41751089285907, 33.757651236511954], [-118.41759339054151, 33.75769710685284], [-118.41770295805672, 33.75824617183758], [-118.41775726570722, 33.75941476234629], [-118.41808675697365, 33.759643101602684], [-118.41888207681718, 33.759963371215406], [-118.41888142284367, 33.76031276160418], [-118.41888134289361, 33.76035512937416], [-118.41825094295643, 33.76106590328564], [-118.41794877125443, 33.76161326709238], [-118.418085578384, 33.76211827172832], [-118.41838735213233, 33.76230057611159], [-118.41845314923532, 33.76231885439941], [-118.41879918477434, 33.76241498207263], [-118.41986870996845, 33.762369150850276], [-118.42167804181649, 33.76287332954188], [-118.42244788184532, 33.7632302777009], [-118.42266545919702, 33.76333116001084], [-118.42266546099366, 33.763583353690755], [-118.42230838246486, 33.7642007040665], [-118.42229994099613, 33.764230012154584], [-118.42228716066457, 33.76427439135432], [-118.42211642237008, 33.764866859609576], [-118.42211665503378, 33.76548401703018], [-118.42238393527182, 33.7657212821206], [-118.42258267135875, 33.76589769941476], [-118.42302173553028, 33.766058146415105], [-118.42400880166953, 33.76596644826282], [-118.42431038138177, 33.76612628800121], [-118.42461178143097, 33.7666306439799], [-118.42461149127512, 33.766927950310524], [-118.42450205311732, 33.76711079483452], [-118.42329543962094, 33.76750063473101], [-118.42289423315044, 33.76781994003056], [-118.42271959077773, 33.76795892961164], [-118.42238990906847, 33.76809751123402], [-118.42214341494777, 33.768347464790295], [-118.42208918994227, 33.768695466380045], [-118.42206142571177, 33.76887365632754], [-118.4221979085495, 33.76990560315434], [-118.42230740599615, 33.7704569264913], [-118.42237490271162, 33.770492552128644], [-118.42239002584944, 33.77050053406753], [-118.42266419886069, 33.77107373973053], [-118.4231030636062, 33.771441358927525], [-118.42318510853774, 33.771647106586855], [-118.42354142170193, 33.77194410802115], [-118.42425490771804, 33.77221834143067], [-118.42442905152575, 33.772252602063624], [-118.42472059346301, 33.77230995822], [-118.42639403985294, 33.77210410910379], [-118.42685991065088, 33.772128195599635], [-118.42724409494505, 33.772333910247056], [-118.42776479711131, 33.77288479830088], [-118.42853308485131, 33.773386125387184], [-118.42869719896889, 33.77359490228458], [-118.42869733461448, 33.773959744092], [-118.42845063747453, 33.77435145843128], [-118.42792969905138, 33.77471497609302], [-118.42725613506482, 33.775348287652236], [-118.42668344379985, 33.77588674548495], [-118.42617386187851, 33.77636587003785], [-118.42483019511418, 33.77730237588376], [-118.42452791741097, 33.777761739849666], [-118.42441849811779, 33.7781068859894], [-118.42430861439561, 33.780005757000666], [-118.42381477814456, 33.7811516915984], [-118.42283586511485, 33.78241837165287], [-118.42216866748869, 33.78328180644192], [-118.4213453660224, 33.78401470084586], [-118.41980930437872, 33.78497773623158], [-118.41962764706196, 33.78520766336204], [-118.41912309121464, 33.78584628413006], [-118.4188489289832, 33.7861446190504], [-118.41819056628788, 33.786554697119854], [-118.41667681879586, 33.787341350578046], [-118.41580418544741, 33.787794776059876], [-118.41470661125686, 33.78832134089474], [-118.41410299279327, 33.788411365908885], [-118.41240561079259, 33.78907703308007], [-118.41089283976926, 33.78967026975614], [-118.41017976338493, 33.79008050862525], [-118.40954860706633, 33.790586307051214], [-118.40944388326713, 33.790617815207405], [-118.4088625789552, 33.79079255521166], [-118.40773814962925, 33.79097583332073], [-118.40761070024998, 33.79105562687041], [-118.40740884880564, 33.791182001407144], [-118.40713430838346, 33.79166270895526], [-118.40702412642058, 33.79212019446102], [-118.40702476422445, 33.79273960796598], [-118.40718864927163, 33.79299119398682], [-118.40724347075846, 33.79365534217324], [-118.40790160887497, 33.79415957489467], [-118.40792870925046, 33.794547938230835], [-118.40768202109365, 33.79557918606706], [-118.40770960386445, 33.795832444911305], [-118.40779156525267, 33.79587603807556], [-118.40781859645787, 33.79612702512825], [-118.40800964027103, 33.79628789552083], [-118.40809283774108, 33.79635795251373], [-118.4081103414144, 33.796360555621305], [-118.4088608793427, 33.796472170409544], [-118.40886087305448, 33.7967244001542], [-118.40839458903153, 33.79702004854638], [-118.40768109133734, 33.797272695468635], [-118.40655624788802, 33.79864717252681], [-118.40512895695387, 33.79999939417551], [-118.40334391195788, 33.80075350823504], [-118.40112287233366, 33.801691904681064], [-118.40021721781365, 33.80194402200291], [-118.39848867325576, 33.80205740237196], [-118.39828885829216, 33.8021133620816], [-118.39807718287189, 33.8021726412939], [-118.39714438755222, 33.802815531429175], [-118.39689712806688, 33.80286051766562], [-118.39681461780805, 33.803042023221785], [-118.3962108493258, 33.80327167640905], [-118.39595195126766, 33.80329077900114], [-118.39497652639618, 33.803362888989795], [-118.39462010363752, 33.80357025590759], [-118.39426265500282, 33.80395999928218], [-118.39346630568998, 33.805540409892124], [-118.39264198373749, 33.808720962225664], [-118.39251331264947, 33.809738230125895], [-118.39247669731846, 33.81002771010788], [-118.39222895723447, 33.81087413982108], [-118.3921189513414, 33.81192860867616], [-118.3914588908302, 33.814723488915455], [-118.39129368705619, 33.81641749194577], [-118.39104631707808, 33.81710409249812], [-118.39097545796848, 33.817560880021766], [-118.39071602181949, 33.8192334045415], [-118.39060542034339, 33.820952064178705], [-118.39074193282553, 33.82177684694849], [-118.39079593504883, 33.82374505776365], [-118.39098751695285, 33.82518904073197], [-118.39099174262796, 33.8255126390894], [-118.39101350251909, 33.827113130121404], [-118.39109556541692, 33.8279832331941], [-118.39092874737032, 33.82925181709114], [-118.39070980907097, 33.83091669034555], [-118.39073685914082, 33.83144233169134], [-118.39092938158095, 33.83187766004166], [-118.39084013485575, 33.83343932086282], [-118.39079059366617, 33.834306764312686], [-118.39067996703722, 33.83494658716165], [-118.39070749860407, 33.836116549348176], [-118.39084411978239, 33.836961656088235], [-118.3912276195603, 33.83847348192859], [-118.39163881978835, 33.83959701351667], [-118.39191278618708, 33.84064996200935], [-118.39169656618975, 33.840821145253535], [-118.39143361672969, 33.841029434600706], [-118.39139123870616, 33.84106293499535], [-118.39147292341325, 33.84172797394302], [-118.3918570340456, 33.8422760897504], [-118.39200427420884, 33.84223106828552], [-118.39215886887938, 33.84218379948977], [-118.3922690544355, 33.8417286238152], [-118.39248846794364, 33.84161286590877], [-118.39284572703383, 33.841795118919016], [-118.39295310445637, 33.842002813473314], [-118.3932019512648, 33.84248413903267], [-118.39339389968144, 33.842666937832114], [-118.39355866867085, 33.84294122520446], [-118.39372314391117, 33.84305543387864], [-118.3937934227091, 33.84325038108941], [-118.39380545115077, 33.84328374556776], [-118.39421692356834, 33.84353549781218], [-118.39515046808297, 33.84376636362519], [-118.39646802531354, 33.84374351866054], [-118.39679664341753, 33.84388200595276], [-118.3969434020838, 33.844086158168416], [-118.39737356754411, 33.84468504264033], [-118.39803150084474, 33.845576554168254], [-118.39819634169936, 33.845873380405756], [-118.39816824329559, 33.846056976979206], [-118.39778426291898, 33.84644784059396], [-118.39756424125139, 33.846561361918134], [-118.39731729797303, 33.84656113287167], [-118.39715286675018, 33.84646940456143], [-118.39709703376033, 33.84620630931244], [-118.397070489442, 33.846081225455215], [-118.3964944780037, 33.8448210125746], [-118.39638641696324, 33.8448204276362], [-118.39613762854529, 33.84481907869661], [-118.39476507824966, 33.845161837742666], [-118.39506544433796, 33.8459512336677], [-118.39569737769929, 33.84761302938909], [-118.39572439003987, 33.84788878779751], [-118.39588943301547, 33.84823276852038], [-118.39638366093195, 33.84816578975343], [-118.3966300346784, 33.84846320459193], [-118.39737186344001, 33.84834684851306], [-118.39871719478256, 33.84795801990552], [-118.39871659919953, 33.84782048374287], [-118.39863458481074, 33.847777055072605], [-118.3985802178714, 33.847042992310264], [-118.39868959943534, 33.84692774296681], [-118.39882738393196, 33.846950937735954], [-118.3991576585293, 33.84725191035265], [-118.39940327858923, 33.84768417464379], [-118.39963109314192, 33.84790635769962], [-118.39973225242606, 33.848005008716044], [-118.39970529218776, 33.84828091059579], [-118.39684961437487, 33.84914923893002], [-118.39684917959028, 33.849446466069324], [-118.39723461613598, 33.85046626874153], [-118.39734305806213, 33.850753183221684], [-118.39745279446062, 33.850845194904785], [-118.39855115467702, 33.85052362172363], [-118.39942942764885, 33.85036493032371], [-118.3995942451473, 33.85052428943399], [-118.39954324509365, 33.85101499992918], [-118.39945610581614, 33.85185232889795], [-118.39948346939802, 33.85295222659764], [-118.39959329293309, 33.85345640297238], [-118.39967517886282, 33.85350225331748], [-118.39989458518443, 33.854053197077064], [-118.40013744651812, 33.85465910995617], [-118.40016950289905, 33.8547390858112], [-118.4006353754936, 33.85542535770457], [-118.40082747123394, 33.85588288863263], [-118.40085440901437, 33.85629612890904], [-118.4014305399286, 33.85780845934241], [-118.40151308612002, 33.85782956166361], [-118.40151344993772, 33.85806153467287], [-118.40164996331818, 33.85848041144306], [-118.4021097201823, 33.859892750145235], [-118.40228099477099, 33.860418879397294], [-118.4034596976115, 33.86438367179181], [-118.40370683762087, 33.86518562363041], [-118.40378960300127, 33.865229241117206], [-118.40392531777944, 33.86562223012524], [-118.40408093563106, 33.866072855990936], [-118.40414585058842, 33.866260484040666], [-118.40466683662228, 33.86715373881496], [-118.40502399599946, 33.86809486005501], [-118.4057370553158, 33.86933103217949], [-118.40595666016512, 33.87010712359506], [-118.40716412436608, 33.87242222773364], [-118.40754371018429, 33.87325568991895], [-118.40790503504945, 33.8740487955455], [-118.40809711551846, 33.87464376163745], [-118.40831695392974, 33.87501229625471], [-118.40913622016377, 33.87637383522927], [-118.40916405356455, 33.87676222196291], [-118.40930130715682, 33.876945259896544], [-118.41029916565589, 33.878948110164984], [-118.41031653098865, 33.878982963477974], [-118.41028923657704, 33.87907653105029], [-118.4103711889821, 33.87912010116626], [-118.41056365931993, 33.8797624991902], [-118.4107280725765, 33.879968827612316], [-118.41091986199135, 33.880393094819574], [-118.4112434594112, 33.88110888200438], [-118.41135988646191, 33.88136641214074], [-118.41232009117752, 33.88283214398393], [-118.41267709424784, 33.88384086426204], [-118.4132472630435, 33.88483892486365], [-118.41325286763256, 33.88484873588791], [-118.4136372881837, 33.88567380945928], [-118.41480265912703, 33.887346232031874], [-118.41481824759217, 33.88736859701812], [-118.41511949762268, 33.88803292340046], [-118.41528459809045, 33.88821473879174], [-118.41668470330912, 33.89087248429773], [-118.41690414466504, 33.89137617947154], [-118.41712422382481, 33.891742336162906], [-118.41763250947719, 33.892752792904496], [-118.41791979968822, 33.893323905800976], [-118.4184691931463, 33.8941707416194], [-118.41853142214099, 33.89439960712382], [-118.41874330686872, 33.89517861348532], [-118.41995163974053, 33.89728650680436], [-118.42055567861568, 33.89847556719681], [-118.42055585109223, 33.89863760202274], [-118.42077525921047, 33.898913887564326], [-118.42093980272276, 33.89946044330304], [-118.42146183888718, 33.900238891199045], [-118.42190067668325, 33.90152538939456], [-118.4219199922585, 33.90156811968445], [-118.42261497387805, 33.90310371547803], [-118.42360377196918, 33.904775540542786], [-118.42368539828578, 33.905028601862], [-118.42409738633631, 33.90589746535655], [-118.42461950065417, 33.90670050250282], [-118.42492190771482, 33.907547244990475], [-118.42562044935782, 33.908629045796744], [-118.42569082607213, 33.908737810666466], [-118.42596542578313, 33.909333669528294], [-118.42687156269842, 33.9106848340221], [-118.4272832237622, 33.911875721917525], [-118.42750327058262, 33.91210460773939], [-118.4284070197759, 33.91377729027287], [-118.4286295333701, 33.91418911185501], [-118.4295115783678, 33.91557237787318], [-118.42956352344909, 33.915653970984636], [-118.42975570093614, 33.91613624177376], [-118.43000255348466, 33.916571079459], [-118.43060700917806, 33.91719031120447], [-118.43115665685937, 33.91863171460548], [-118.43302433159019, 33.921908135859546], [-118.43335334046132, 33.922531314555314], [-118.4339313856854, 33.92362643564329], [-118.43464585625505, 33.92483975574326], [-118.43522267617708, 33.92607729474576], [-118.43536331731627, 33.92646799688199], [-118.43563433364758, 33.92722086806095], [-118.43651411848403, 33.92900789684606], [-118.43687767027279, 33.92969911161947], [-118.43769564113619, 33.93125418459809], [-118.43772315743168, 33.93143547253876], [-118.43824516485003, 33.93239622010826], [-118.4384922859948, 33.93322063232006], [-118.43917924296389, 33.934435111850725], [-118.43948136256364, 33.93498692749136], [-118.44014147607545, 33.9364504951658], [-118.44040733787368, 33.936844673449485], [-118.4404982464821, 33.93697945687111], [-118.44052836519695, 33.9370545857152], [-118.44071819718279, 33.93752811315907], [-118.4408556295398, 33.93771107506373], [-118.44082847346874, 33.93780256742049], [-118.44181809531499, 33.93961154285571], [-118.44194156605583, 33.93973570634237], [-118.442092478532, 33.93988746527817], [-118.44214732966324, 33.94004939677477], [-118.44236715819304, 33.94020843933205], [-118.44294406884491, 33.94020731398803], [-118.44316413632659, 33.94043842803486], [-118.44337767036122, 33.940845749811814], [-118.44363130698675, 33.94132955479631], [-118.44374105596162, 33.94142368741269], [-118.44404395619735, 33.942153432625325], [-118.4446893732711, 33.94315527375961], [-118.44522554442652, 33.94398755052314], [-118.44533594917158, 33.944374495788985], [-118.4462153809701, 33.9455669076801], [-118.4476449635065, 33.94845291690055], [-118.44822197836294, 33.949413501511366], [-118.44866171267769, 33.94989595374255], [-118.4487213931519, 33.950013467189876], [-118.44888186370267, 33.95032984409855], [-118.45022855329795, 33.95230067463348], [-118.45033867597199, 33.952529855705606], [-118.45082233610749, 33.953282940561856], [-118.4511907289173, 33.953856538215135], [-118.45308777047303, 33.95671087457964], [-118.45316522052188, 33.956827405495304], [-118.45368052650822, 33.9576027273421], [-118.45369303734516, 33.95761318345087], [-118.45424229156438, 33.95855235554006], [-118.45578206325018, 33.96065871612807], [-118.45616756806785, 33.96098150956742], [-118.45622262042173, 33.96125602530023], [-118.45627272754996, 33.961506793138035], [-118.45630470937068, 33.96166684838796], [-118.45468338233519, 33.96281395733437], [-118.45469069641825, 33.963019192882605], [-118.45471211315294, 33.96360719761231], [-118.45479411137207, 33.96585840307573], [-118.45487679500577, 33.96567665052593], [-118.45602502250026, 33.96517980415143], [-118.45784471461846, 33.96439238172719], [-118.45858726203231, 33.9641405331309], [-118.45872488573046, 33.96446095378934], [-118.45881810480581, 33.964824220811344], [-118.45913730856562, 33.96569917674425], [-118.46107147928868, 33.96875850883588], [-118.46106230748963, 33.96878815281509], [-118.46216254698163, 33.97034658162817], [-118.46232748844758, 33.970712885436335], [-118.4624812845158, 33.97081949174664], [-118.46249249279559, 33.97082726053184], [-118.4629049371903, 33.97158337717593], [-118.46326265082803, 33.971972688922044], [-118.46334528505439, 33.97222342888931], [-118.46386787817428, 33.972726970189726], [-118.46441722312333, 33.97343854459164], [-118.4649637096332, 33.97412061172688], [-118.46571559144115, 33.97505901005999], [-118.466397718169, 33.97591021082651], [-118.467250847296, 33.9768943897992], [-118.46887336370094, 33.9788415890543], [-118.4692032798705, 33.97932222440449], [-118.46942343089552, 33.97973333789566], [-118.4697536093731, 33.98003153494539], [-118.46980849553867, 33.980168684334814], [-118.47077824934576, 33.98121985593704], [-118.47126676487537, 33.98174938556325], [-118.47203661119238, 33.98277989006882], [-118.47239415864178, 33.98312194197931], [-118.47264237034129, 33.98348906896445], [-118.47368714425437, 33.98461100930388], [-118.47434719668077, 33.98513747129646], [-118.47497945163894, 33.98541076792104], [-118.4752540953674, 33.985449958239485], [-118.47610706279767, 33.98557166978325], [-118.47629056884729, 33.98640169777564], [-118.47635509034257, 33.986693251916726], [-118.47792358925282, 33.988595615450585], [-118.47874905296402, 33.98976329003003], [-118.47888651227048, 33.99012863724674], [-118.47942802031702, 33.99079099815042], [-118.48017936852571, 33.991710006796716], [-118.48106340419007, 33.99276027224005], [-118.4815977526638, 33.99339500978616], [-118.48172084162064, 33.993541221116665], [-118.48282052325887, 33.994547986371536], [-118.48339842205756, 33.9944093169887], [-118.4839028566323, 33.99496268979486], [-118.48392096487179, 33.99498255385416], [-118.4865326889996, 33.99372280014786], [-118.48675226330617, 33.99369933919182], [-118.48688992742852, 33.99388231660215], [-118.4868903199923, 33.994064797588855], [-118.48638350847531, 33.99435983859702], [-118.48425119724833, 33.995600515857475], [-118.48425186289995, 33.9958302565046], [-118.48510409281339, 33.99681421823339], [-118.48524248906267, 33.997112100644316], [-118.48548002338674, 33.99738282210495], [-118.4857652178282, 33.99770785935365], [-118.48609563346106, 33.99823348651872], [-118.48670076289096, 33.99892010394395], [-118.48686566483102, 33.999263940088106], [-118.48705885112614, 33.99944674762849], [-118.48725118492003, 33.99995150095901], [-118.48728728551635, 33.99999502564437], [-118.48735137761695, 34.000072301027046], [-118.48755045416536, 34.000311626973684], [-118.4879443977568, 34.00061231890947], [-118.48826650397329, 34.00085817461344], [-118.48917399464972, 34.00202657433405], [-118.49211846643685, 34.00509618501839], [-118.49285096619425, 34.005855134927046], [-118.4936867524464, 34.00672121273807], [-118.49466704977998, 34.0074450338756], [-118.49517281835293, 34.007818467367045], [-118.49671323682571, 34.00864294327622], [-118.4978954421975, 34.00772690138116], [-118.49836317250806, 34.00813816936438], [-118.49923603492694, 34.00749579441662], [-118.49951749956332, 34.00728865264456], [-118.49979283409621, 34.007566745188434], [-118.49797907984203, 34.009009289801334], [-118.49974028355042, 34.010427215009784], [-118.50012594916652, 34.01100004145598], [-118.50092411666948, 34.012488661159914], [-118.50106668110172, 34.01269650434324], [-118.50108886050607, 34.01274018780395], [-118.50114622781844, 34.0128530379432], [-118.50153328672152, 34.01361442044173], [-118.50213011032831, 34.01426072533012], [-118.50235769311566, 34.014507173697176], [-118.50679360632799, 34.018250269763335], [-118.50703111729585, 34.018450586821274], [-118.51244707541517, 34.0224142633351], [-118.51322550872797, 34.02300624397448], [-118.51464646653936, 34.024086910065336], [-118.51585624659708, 34.02493287263405], [-118.51725878535188, 34.02568902231234], [-118.51959625562007, 34.02724739037154], [-118.51962314399317, 34.02733846478151], [-118.51985528483225, 34.02740374079525], [-118.51987109518126, 34.027408195863856], [-118.52097093941454, 34.02830189770122], [-118.52297798327008, 34.02956200578864], [-118.52644363153392, 34.03112074493314], [-118.5267833052041, 34.03132543957561], [-118.52804848256879, 34.03208839840552], [-118.5291390903243, 34.032746058422994], [-118.53073378500657, 34.03341213896076], [-118.53389710615986, 34.034284075007875], [-118.53412502132385, 34.0343585744488], [-118.53620824141717, 34.035039315782974], [-118.53791357260984, 34.03593239828003], [-118.53917854785358, 34.03648274466072], [-118.54137908163483, 34.037582945078924], [-118.54141945372032, 34.03759967563493], [-118.54286441092282, 34.038199944213666], [-118.54415771004746, 34.03842924802091], [-118.54756839938223, 34.03863647161571], [-118.54902716279234, 34.03884479343333], [-118.54925874577764, 34.038844764401865], [-118.54976977937646, 34.03884458500234], [-118.55087045365306, 34.03868417189546], [-118.55331828105558, 34.038085882389204], [-118.55510647464668, 34.03778817424531], [-118.55714503679229, 34.037939176798794], [-118.55730751597604, 34.037951212327215], [-118.56005835590369, 34.03904848981577], [-118.56190166113748, 34.03950923532293], [-118.56300210364873, 34.03998829395539], [-118.56382745507052, 34.040491202115795], [-118.56454272154751, 34.04065206141097], [-118.56461854923897, 34.040654165030304], [-118.56492442918645, 34.04066273359388], [-118.56536805500302, 34.04067516027988], [-118.56740378835377, 34.04115633752078], [-118.56866967987912, 34.04131692088018], [-118.57004531049789, 34.04140938333184], [-118.57147553443141, 34.041271825160756], [-118.57249774805446, 34.04096605765581], [-118.57263121075623, 34.04092617090806], [-118.57417179631567, 34.04024081473861], [-118.57494163364954, 34.039782182801595], [-118.57542200864602, 34.039581627273485], [-118.57565712829859, 34.03948346377362], [-118.57612440046837, 34.03936984509947], [-118.57727984323121, 34.03950600020152], [-118.57887532663428, 34.039414910565746], [-118.57986616030783, 34.03920947839398], [-118.58008649099588, 34.039093693910104], [-118.58111020031387, 34.038555601643964], [-118.58239638747644, 34.03787951947012], [-118.5833319334375, 34.0375370709568], [-118.58366172384292, 34.03749038763809], [-118.58462462619936, 34.03755877863169], [-118.58718354196485, 34.0384527040627], [-118.58756196805808, 34.03852557481926], [-118.59073272456696, 34.03913652931922], [-118.59213531542403, 34.039322079698806], [-118.59502407459559, 34.03931999986698], [-118.59548616797773, 34.03924850022017], [-118.59755495843265, 34.03892877916959], [-118.59986599397698, 34.03883810800912], [-118.60104902310388, 34.038927958101176], [-118.60311191342402, 34.03892756506028], [-118.6034504821664, 34.03886284578816], [-118.60407442770823, 34.038743539832076], [-118.60610984305539, 34.03796513342954], [-118.60704462005859, 34.03750527580222], [-118.6076777212298, 34.037046042476916], [-118.60844771397221, 34.036659149745454], [-118.6086676179605, 34.03665804801041], [-118.60874995214954, 34.03654394391409], [-118.60935566638268, 34.036430471674805], [-118.6103730048487, 34.03642852055632], [-118.61087424411599, 34.03649633846057], [-118.6120514674312, 34.036655228164165], [-118.61554502994417, 34.03688593713358], [-118.618828039931, 34.03731674232032], [-118.61901151633619, 34.03734081876294], [-118.62209294527156, 34.03759042488475], [-118.62401798282313, 34.03752169669983], [-118.62528378900852, 34.03731695447712], [-118.62576721827699, 34.03714132941462], [-118.62591655510815, 34.03708707669914], [-118.62673172502451, 34.03687664238516], [-118.62675735845113, 34.03687002380307], [-118.6267979928447, 34.0368595320355], [-118.62839397121951, 34.036745314314736], [-118.63045659114674, 34.036998916706885], [-118.63086242394097, 34.03699946533896], [-118.63177678313605, 34.03700069734177], [-118.63467083428294, 34.03652234094224], [-118.63510618931065, 34.036450384098146], [-118.63562921182526, 34.036223364775545], [-118.63650883316832, 34.036268253252956], [-118.64244949994003, 34.03768837693075], [-118.64313765436344, 34.037852821385705], [-118.64525559434249, 34.038151047406835], [-118.64619122833845, 34.03814808691814], [-118.64696189391903, 34.03803589273231], [-118.64774347582691, 34.037804603276605], [-118.64866779194863, 34.037531066562764], [-118.64902530705865, 34.037510054902356], [-118.6498499910322, 34.037532437017724], [-118.65032479467732, 34.03758047290171], [-118.65166608360109, 34.0377161715774], [-118.65584666686358, 34.03831232204956], [-118.6582696675266, 34.03848565938104], [-118.660071632291, 34.03861451856514], [-118.66451245120308, 34.03893196071653], [-118.66625315984825, 34.03887968849553], [-118.6698212924113, 34.03877251400225], [-118.67174760826552, 34.03861301041395], [-118.67268267542454, 34.03840724057549], [-118.67400324201135, 34.0379492776206], [-118.67413298658616, 34.03789067065414], [-118.67557117677963, 34.03724089362788], [-118.676919567784, 34.0364619032122], [-118.6779373931369, 34.0355450180817], [-118.67829432793526, 34.03478954433491], [-118.67833805612665, 34.03468630272385], [-118.67865244761148, 34.03394401800795], [-118.6790932329551, 34.033365433272], [-118.67936766378281, 34.03300520178364], [-118.67948078054171, 34.032456010566314], [-118.67950497666386, 34.03233884185871], [-118.67961521072903, 34.032178356148336], [-118.68140359476295, 34.03105658698701], [-118.68198116298161, 34.03089675919262], [-118.68274946958623, 34.03081670745616], [-118.68308126413308, 34.03078213589826], [-118.68687446420063, 34.0315457681393], [-118.69059088615921, 34.03229381208922], [-118.69147608334522, 34.032380397241695], [-118.69246115522454, 34.03247674282006], [-118.6941390922926, 34.032477118768455], [-118.69478267141328, 34.03237151442668], [-118.69735734362888, 34.031950172229756], [-118.69947507430048, 34.03117085629032], [-118.70073417366396, 34.030814189669286], [-118.70093312175331, 34.03075783202061], [-118.70253305720695, 34.0305088095597], [-118.70269322053389, 34.030483879504686], [-118.70395877788594, 34.03018582232574], [-118.7048259512741, 34.029903154629736], [-118.70571841133922, 34.02961223346043], [-118.70687398256112, 34.0295896966375], [-118.71033725478104, 34.03027980893249], [-118.71089019838115, 34.03038994374799], [-118.71094531810867, 34.030436916850626], [-118.71141284450165, 34.03046001031206], [-118.71416358741125, 34.0311687360576], [-118.71553913897827, 34.03137217318804], [-118.7170518354414, 34.0312830684892], [-118.71819249193466, 34.031141330109314], [-118.71853753483529, 34.03109844301718], [-118.71936269581424, 34.03109790253604], [-118.72486402891984, 34.03178291270232], [-118.72612976144337, 34.03199603597291], [-118.72717450301711, 34.03217184067892], [-118.7292102767921, 34.032400532462674], [-118.73141070816538, 34.03281261594066], [-118.73313615173892, 34.03287261183468], [-118.73396959698142, 34.03290158279902], [-118.73406266693644, 34.032902208135795], [-118.73710475505224, 34.03292280479091], [-118.73919548865462, 34.03278565644866], [-118.74204339514199, 34.032493848098106], [-118.74233083088008, 34.032464478712505], [-118.74398774557388, 34.03215569047183], [-118.74406356158721, 34.032141559968686], [-118.74972899443735, 34.03046837517616], [-118.74976709737844, 34.030452375027764], [-118.7509282147989, 34.02996477255727], [-118.75150616749653, 34.02971453278312], [-118.75293741011957, 34.02884509367575], [-118.75329484977112, 34.02852649630411], [-118.7543127667522, 34.02792879254659], [-118.75530437926507, 34.026395386877105], [-118.75574470377295, 34.02589249417168], [-118.75602171546049, 34.025837202371164], [-118.7571204233249, 34.02561789906806], [-118.76110879047282, 34.02527600411781], [-118.76397986900294, 34.025091160832986], [-118.76441303393798, 34.02506327494161], [-118.76534456353141, 34.02500330032827], [-118.7666645659762, 34.02484387061745], [-118.7692502578254, 34.024295610835864], [-118.77128582858111, 34.023998495337615], [-118.77187563724382, 34.023873580052694], [-118.77700732618645, 34.02278562892646], [-118.77934509469532, 34.022557471122234], [-118.77962991633592, 34.022512967763234], [-118.77974593465319, 34.02249483970902], [-118.78110556807336, 34.02228237904193], [-118.78410353094242, 34.02143714204798], [-118.78561633430506, 34.0207277751179], [-118.78579083923555, 34.020592066395544], [-118.78706753929036, 34.019599184022795], [-118.78729452469804, 34.019422658587835], [-118.78737667293582, 34.01923852404151], [-118.78839498337896, 34.01809318619175], [-118.7889725264448, 34.01754541890231], [-118.79012777786649, 34.01607824809374], [-118.79078833155278, 34.014659335340404], [-118.79161346468396, 34.01356139023902], [-118.79175166240559, 34.01344649557234], [-118.79183566925771, 34.013268891045975], [-118.79246607188979, 34.01193494309227], [-118.79381384215834, 34.01074228444225], [-118.79384556077271, 34.010630823981685], [-118.79392429990398, 34.01035413991807], [-118.79386910112471, 34.00941739200461], [-118.79367694250232, 34.00868109152335], [-118.79378737419681, 34.007950567000336], [-118.79436458308935, 34.00714820045811], [-118.79472227426919, 34.00687432513807], [-118.79514591257066, 34.00674053192217], [-118.79537935147532, 34.00666677004281], [-118.79551975186604, 34.00662240654428], [-118.79837951791177, 34.006371225927005], [-118.79870376211863, 34.00630837852887], [-118.80002955240879, 34.006051395149456], [-118.80253200366882, 34.00520233117832], [-118.80289478470304, 34.005002485529864], [-118.80310957009085, 34.00488420879561], [-118.80404477559043, 34.00399041305933], [-118.8047048522713, 34.00288898848053], [-118.80475953811253, 34.00261605489349], [-118.80479307042546, 34.002597123512054], [-118.80484230079799, 34.00256932853375], [-118.80492505809352, 34.00183552307129], [-118.80484253615658, 34.001150275677986], [-118.80500752613158, 34.00066937874783], [-118.8053645956772, 34.00039326397359], [-118.8072617270645, 34.00039494111382], [-118.8077064137914, 34.000661002010276], [-118.80775692066992, 34.000691187455075], [-118.8093239643094, 34.00197458843889], [-118.81048587045075, 34.00327999552849], [-118.81207407031349, 34.00506425111118], [-118.81278871605461, 34.005615712896976], [-118.81341386713557, 34.00623046839278], [-118.81460377376428, 34.007400882270545], [-118.81520889780427, 34.008227932072906], [-118.81542897426908, 34.00838631471934], [-118.81545597852485, 34.0085245353389], [-118.81727159678326, 34.01056173887058], [-118.81833416093224, 34.011436925479615], [-118.81894321420329, 34.0119385597721], [-118.81965046052144, 34.01252092586824], [-118.81977386658357, 34.012622540631334], [-118.81988417071733, 34.01270264527191], [-118.8214793549814, 34.0138610516265], [-118.82150667274921, 34.01395205774883], [-118.8217263773115, 34.01399547026852], [-118.82523648948697, 34.01680744582212], [-118.82567051500807, 34.01715515064562], [-118.82607232604477, 34.01747704230475], [-118.82676013282014, 34.017890114832724], [-118.82843781746162, 34.01921743264955], [-118.82884991959821, 34.019447808561296], [-118.83172900930401, 34.02146533886316], [-118.83286657110114, 34.0222624878633], [-118.83426917543294, 34.023134473713405], [-118.83473684465804, 34.02356949278346], [-118.83495740172155, 34.0236376813189], [-118.83787332415065, 34.02565128672219], [-118.8383130413974, 34.02597584128502], [-118.84103670818601, 34.027986267322866], [-118.84241283826807, 34.02894737084436], [-118.84260822723226, 34.029002124590775], [-118.84265971507108, 34.02901655340983], [-118.84334752723636, 34.02947458989973], [-118.84414540009193, 34.029839378423254], [-118.84498919123156, 34.03033081266272], [-118.84560350863019, 34.03068843051238], [-118.84773632111708, 34.03161300182367], [-118.84813439875546, 34.03178555999619], [-118.84907009563351, 34.03226554293757], [-118.85198616718293, 34.033456541315125], [-118.85219604866762, 34.033528362232296], [-118.8522979517568, 34.033563232681594], [-118.85399474356437, 34.0341438692276], [-118.8575158097964, 34.03501287512187], [-118.85853368096339, 34.03512608349625], [-118.85905998502372, 34.035209486304964], [-118.85911162108458, 34.035217669060316], [-118.86008100748069, 34.035162134697174], [-118.86034885994562, 34.035146789786914], [-118.86062197384312, 34.03506122285977], [-118.86092653416547, 34.03496580256575], [-118.86120131353954, 34.03478133622758], [-118.86128418851438, 34.03455213794648], [-118.86144892696107, 34.03439106757443], [-118.86202680689516, 34.03441488280621], [-118.86323673876815, 34.0347801637471], [-118.86329235167078, 34.03484733233604], [-118.86342177914028, 34.03486586197765], [-118.86378740154574, 34.0349182059042], [-118.8660160193577, 34.03567353780902], [-118.86751030844235, 34.036041165700624], [-118.87000534860127, 34.03665481948], [-118.87033501414086, 34.03667725169687], [-118.87297658209906, 34.03745542277433], [-118.87457207358696, 34.037684779958305], [-118.87530230150502, 34.03776738075949], [-118.87590073938435, 34.03783518196083], [-118.87675696680077, 34.037936040623286], [-118.88316641581025, 34.03796204564125], [-118.8832915960451, 34.03798005575293], [-118.88539392779609, 34.03828454471951], [-118.88897030958839, 34.03860715348697], [-118.890730422742, 34.038859833960956], [-118.89123092898403, 34.03877865453304], [-118.89172039582951, 34.038699264559426], [-118.8929859495883, 34.03888354372273], [-118.89378380088431, 34.03904540132254], [-118.89562641980523, 34.03904628938532], [-118.89738715010142, 34.03934398343639], [-118.89848719286238, 34.03973442507702], [-118.89851483761694, 34.03977804400333], [-118.89898190407251, 34.03987022303226], [-118.89906448439996, 34.03990088732072], [-118.9009624422373, 34.040603302983826], [-118.90258534940935, 34.0410380784075], [-118.90423539468615, 34.04131612216614], [-118.90627121786848, 34.04133906602431], [-118.9063791055341, 34.04135670918676], [-118.9068507533976, 34.04143383824333], [-118.9094896542577, 34.04186538628795], [-118.91086491926215, 34.041866176064396], [-118.91246034337641, 34.04152288315168], [-118.91477852232389, 34.04145354776689], [-118.91548655107464, 34.04143212692825], [-118.91620146451372, 34.041773603943874], [-118.91677909830939, 34.04232430917267], [-118.91952940823104, 34.04363011556245], [-118.92197523778039, 34.044668297488386], [-118.92371113594719, 34.04512064383717], [-118.92508598503166, 34.04537120586966], [-118.92979027981659, 34.045716738543], [-118.929872446919, 34.04570427091289], [-118.93095261265766, 34.0455401922638], [-118.9319089797704, 34.04539490860079], [-118.9326790901921, 34.04512092296516], [-118.9332842384866, 34.044731085222054], [-118.93383440898742, 34.044501558772645], [-118.93435337291359, 34.04379578263469], [-118.93435679729146, 34.04379112670697], [-118.93490723369356, 34.043471523268536], [-118.93633800290449, 34.04340178305825], [-118.93666812388992, 34.04328882317894], [-118.93683252726503, 34.042920334955554], [-118.93692235340355, 34.04286822001969], [-118.93710805852896, 34.04276051313699], [-118.93757558492196, 34.04283005587448], [-118.93796025789966, 34.043288808291805], [-118.93848348612849, 34.043495349349314], [-118.94079382008859, 34.04408988266754], [-118.94274717163958, 34.044708658856926], [-118.944429520334, 34.04505261324775], [-118.94438180901263, 34.04547218657412], [-118.94335550086852, 34.05443528522089], [-118.94329607012595, 34.05495420370742], [-118.9432265530994, 34.05556115933108], [-118.94272911280744, 34.0599040915926], [-118.94232891334836, 34.06339826156445], [-118.94231626776411, 34.063508932344725], [-118.94205483376192, 34.06579242715462], [-118.9414062339571, 34.07145703823646], [-118.94130268874758, 34.072361226095104], [-118.9410588347755, 34.074490818086744], [-118.93684796121991, 34.07708594630597], [-118.93533957756847, 34.0780155422565], [-118.93443007197085, 34.07857603659578], [-118.93003717997578, 34.08128305398268], [-118.92927052447466, 34.08175548839341], [-118.92573413028894, 34.08393457170597], [-118.92407890712282, 34.08495412368398], [-118.9232259244212, 34.08547950651924], [-118.91703793618042, 34.08929054406042], [-118.91641407508023, 34.08967479213235], [-118.90960225718025, 34.093870223215134], [-118.90833994544133, 34.09464778963676], [-118.90278947898125, 34.09806409920172], [-118.89964089379188, 34.10000208744632], [-118.89597656693329, 34.1022578372943], [-118.89094074619778, 34.10535782124405], [-118.88916375998821, 34.106451462015784], [-118.8823506000052, 34.1106446193075], [-118.88223950265906, 34.11071297208923], [-118.87553614554989, 34.11483580388877], [-118.87353730151625, 34.116065172748456], [-118.86872202347122, 34.119027458294234], [-118.8648346000118, 34.12141894223686], [-118.86190743516693, 34.12321835166184], [-118.85613024470892, 34.126769673417115], [-118.85509209856599, 34.12740802599289], [-118.84827700720511, 34.131598094997265], [-118.84742475303722, 34.13212208105343], [-118.84146082259457, 34.13578635916853], [-118.83871828310014, 34.13747147157831], [-118.83464465325538, 34.139974609842085], [-118.83001063547178, 34.1428224074847], [-118.82879288825576, 34.143570607924126], [-118.82782854140837, 34.14416309529627], [-118.8213025961779, 34.14817266403032], [-118.82101216545668, 34.148350981320256], [-118.81419438094657, 34.15253673358856], [-118.81259293632327, 34.153519936750385], [-118.80737683089677, 34.15672283668561], [-118.80388207811605, 34.15886886531594], [-118.80055879845169, 34.16090804470624], [-118.7951702479317, 34.16421456662245], [-118.79374022971237, 34.16509242983945], [-118.79293201455295, 34.165588564018634], [-118.78871718212193, 34.16817570106798], [-118.78661088071568, 34.16816743527909], [-118.78590832360331, 34.16816464731252], [-118.77861060337291, 34.168137889220844], [-118.77728857343055, 34.168133048369654], [-118.7750784124044, 34.16812492305271], [-118.77061036286112, 34.168107990103735], [-118.76424863415613, 34.16808420800826], [-118.76261005407733, 34.16807756177468], [-118.7546097964975, 34.16804498615477], [-118.75341908497829, 34.168040287261036], [-118.7500221766983, 34.168026969515566], [-118.74660958563008, 34.16801350014276], [-118.74258966605616, 34.16799755719514], [-118.73860941788179, 34.16798176512652], [-118.73176038547456, 34.16795424141762], [-118.73060926540488, 34.167949318797135], [-118.72345690785879, 34.16791902791431], [-118.72261025289004, 34.16796207316276], [-118.72093582284487, 34.16804720330116], [-118.71462044541192, 34.16836967224023], [-118.71127581369159, 34.16854045188836], [-118.71012486699674, 34.16854059979636], [-118.70662460305172, 34.16854460743396], [-118.69929558012694, 34.16855279811705], [-118.69862440116746, 34.16855330055821], [-118.69370528865538, 34.16855684811968], [-118.69062471850944, 34.16850013468664], [-118.6884676362385, 34.16846042247683], [-118.68262588386102, 34.16835175080733], [-118.67764194442645, 34.168258938654205], [-118.67462705550084, 34.16820310726971], [-118.66797768264865, 34.1680797566224], [-118.66797225862098, 34.16904579921993], [-118.66797004876534, 34.169429254588536], [-118.66792429127973, 34.17742905208513], [-118.66792075820571, 34.17804638621724], [-118.66787840892829, 34.18542871839816], [-118.66786911226339, 34.18704698667468], [-118.66783236218512, 34.19342848583576], [-118.66781729474286, 34.19604980394035], [-118.66778630556051, 34.20142817278549], [-118.66776543859478, 34.205050333950474], [-118.66774015191784, 34.20942781834382], [-118.66771344230949, 34.21405095414719], [-118.66769415637867, 34.2174276658693], [-118.66766205687861, 34.22305143975593], [-118.66764823989124, 34.2254271653656], [-118.66760985308251, 34.232051964183334], [-118.66760180148263, 34.23342687364504], [-118.66757512511195, 34.23800254385167], [-118.66756166026414, 34.24031167549479], [-118.66666884626284, 34.24030941494827], [-118.66644650694181, 34.24030893075761], [-118.65583070829256, 34.240292036809166], [-118.65355020019652, 34.24028824200118], [-118.65044611305473, 34.24028300204684], [-118.64499333029698, 34.24027377717178], [-118.64244591745867, 34.24026934741939], [-118.63444573713397, 34.24025506972806], [-118.63415543038023, 34.24025468282085], [-118.63233256092087, 34.240250427584144], [-118.6324156164571, 34.24613658367877], [-118.63243814350948, 34.247736127863504], [-118.6325287341143, 34.25413542470076], [-118.63256547520943, 34.256735971512704], [-118.63263367261084, 34.26157753248312], [-118.63264151759823, 34.262134398496535], [-118.63266846975168, 34.264043628273996], [-118.63291025131042, 34.26572558214865], [-118.6332721897249, 34.26824271502684], [-118.63353522182999, 34.27007189397998], [-118.63419509638994, 34.27466078343035], [-118.63445109288972, 34.27644143712275], [-118.6344891554066, 34.27670618491171], [-118.63467375111267, 34.277990131977575], [-118.63548003040266, 34.28359821048993], [-118.63581228758184, 34.28590847848032], [-118.63628428848327, 34.289190026705285], [-118.63667146416734, 34.29188162309432], [-118.6368351533818, 34.29221559526203], [-118.63697030311967, 34.29249133600876], [-118.63753519880461, 34.29364658353654], [-118.64104946658658, 34.30083310995809], [-118.6445651186724, 34.308018959192516], [-118.64512898039646, 34.309171469569826], [-118.64808118308495, 34.31520453185506], [-118.64920950660768, 34.31751029661848], [-118.65159778738496, 34.32239005481952], [-118.65329072721659, 34.325849041641135], [-118.65511434946417, 34.329575391382654], [-118.65737260629061, 34.334189919319485], [-118.65817199999394, 34.335822628020836], [-118.65863126817456, 34.33676061926002], [-118.66145532439111, 34.34252848576867], [-118.66214917503173, 34.34394534589748], [-118.66553877461855, 34.35086705898345], [-118.66566755260612, 34.35112987527977], [-118.66918869429664, 34.35831873755805], [-118.66962294529488, 34.35920549030565], [-118.67270509378078, 34.36549860484656], [-118.6737077807245, 34.36754592533538], [-118.67622460143579, 34.3726824161286], [-118.67779344529913, 34.375884154059335], [-118.67836441629035, 34.37704837176536], [-118.6797539815758, 34.379861575974026], [-118.6819040390212, 34.384214143673205], [-118.68329694334456, 34.38703399778413], [-118.6860187649936, 34.39254416747596], [-118.68684022311695, 34.39420617283378], [-118.69013438209473, 34.400871903664445], [-118.6903845179856, 34.40137804389637], [-118.69392895209315, 34.408549749424814], [-118.69425124246425, 34.409201730438944], [-118.69747352364291, 34.41572128553861], [-118.69836820164842, 34.417531494805175], [-118.701019173171, 34.422892383818194], [-118.70248602141865, 34.425858922363965], [-118.70456517573703, 34.4300633472052], [-118.70660515003425, 34.434188535981605], [-118.70811132113516, 34.43723419329766], [-118.71072433524373, 34.44251802177558], [-118.71165788335159, 34.444404964134556], [-118.71484440439541, 34.45084520530792], [-118.7152054561727, 34.45157484468691], [-118.71686626236833, 34.45493216740859], [-118.71875272266833, 34.45874525931546], [-118.7188538082906, 34.4589495861728], [-118.71896509338464, 34.459174533272964], [-118.71950909335777, 34.4602735100246], [-118.72230177681138, 34.46591467530591], [-118.72308728615367, 34.46750159433332], [-118.72324539413525, 34.467821083333554], [-118.72585027130398, 34.47308434128862], [-118.72720951126207, 34.47583070098863], [-118.7293989894771, 34.48025384156033], [-118.73008499692698, 34.48163977366798], [-118.73133241280185, 34.4841597745376], [-118.73294861494864, 34.48742318409049], [-118.73545624409797, 34.4924864935197], [-118.73649889798698, 34.49459180157574], [-118.73956406472075, 34.50078101681661], [-118.73958132764557, 34.500815397187445], [-118.74004950711375, 34.50176045946497], [-118.7436005294656, 34.508928871794666], [-118.7437072358466, 34.50914428009766], [-118.74715293881621, 34.51609665721613], [-118.74783391659881, 34.51747068973117], [-118.75070504812953, 34.52326433153548], [-118.75133224287774, 34.52453002445767], [-118.75196129983355, 34.525799420088966], [-118.75425844472865, 34.530431850159836], [-118.75609026320487, 34.53412568367059], [-118.75781209555097, 34.53759884809547], [-118.7602191277615, 34.542454101848605], [-118.76136584069643, 34.54476582840912], [-118.76434889692165, 34.550780222552476], [-118.7649204275633, 34.55193257928595], [-118.76847477727493, 34.559099378731595], [-118.76847926615638, 34.55910850046423], [-118.77203099368572, 34.56626523600826], [-118.7726112550536, 34.56743447552632], [-118.77378185688686, 34.56979401272075], [-118.77558657678422, 34.57343140858417], [-118.77674316669568, 34.57576258229967], [-118.7791429800446, 34.5805971743012], [-118.78087594521202, 34.584088354231284], [-118.78269964471473, 34.587762783012174], [-118.78500936961704, 34.59241638251766], [-118.78625686095042, 34.594928286302796], [-118.78914431666647, 34.60074204470378], [-118.78981516414761, 34.6020930710047], [-118.79327925563108, 34.60906973662488], [-118.79337287625336, 34.60925811968608], [-118.79693193942529, 34.61642256783018], [-118.79741505158844, 34.61739508078316], [-118.80049072861105, 34.6235870045368], [-118.8008691160767, 34.62434890567484], [-118.80155145840021, 34.625722787028955], [-118.80405022297431, 34.63075138893623], [-118.80506852802755, 34.63280077405717], [-118.80568936270357, 34.63405017421254], [-118.80761051054996, 34.63791522932284], [-118.80982743139862, 34.64237526732201], [-118.81117114218037, 34.645078943173175], [-118.81396616035536, 34.65070272821763], [-118.81473187262547, 34.65224259902541], [-118.81810571127065, 34.65902761844524], [-118.81829369093037, 34.6594056070281], [-118.82000311484747, 34.66284291565309], [-118.82180700829477, 34.666592311259066], [-118.82218356948546, 34.66737513568985], [-118.82527458973311, 34.67380157647894], [-118.82620740391742, 34.67574095914189], [-118.82874346474546, 34.681010062818594], [-118.83023276818028, 34.684104475035944], [-118.8308854122005, 34.685460670006606], [-118.83221265326983, 34.688218514816995], [-118.83425875856891, 34.692470156016626], [-118.83568231430807, 34.69542664051855], [-118.83828559966209, 34.700833504864626], [-118.83915267243894, 34.702634515852736], [-118.84231306688103, 34.70919901991278], [-118.84262288324611, 34.70984241979823], [-118.84609358992334, 34.7170500855644], [-118.84634127251516, 34.71756445028727], [-118.84956556861498, 34.72425710469464], [-118.85037029292123, 34.725927643481775], [-118.85303708916584, 34.731464415467535], [-118.85439937441274, 34.73429265053971], [-118.85619648827462, 34.73802171392071], [-118.85650954216796, 34.73867126904921], [-118.85842985458116, 34.74265576940847], [-118.85998257907504, 34.74587784470241], [-118.86246106238495, 34.75102080958863], [-118.8634557049153, 34.753084237487286], [-118.8664930966388, 34.759385758320285], [-118.86692944520324, 34.76029044796601], [-118.87040434431785, 34.76749614019914], [-118.87046024468137, 34.76761205450993], [-118.87052598429219, 34.76774837268363], [-118.8738789963958, 34.77470190440037], [-118.87455948908814, 34.776113030050944], [-118.87586617041559, 34.77882253564636], [-118.87735408954654, 34.78190760014261], [-118.87787208958042, 34.78298160649579], [-118.87874472382718, 34.78479076109564], [-118.88082988697649, 34.78911263407032], [-118.88262817134317, 34.7928402502926], [-118.8843060428342, 34.79631770250659], [-118.88666391923238, 34.801204682071436], [-118.88778280056316, 34.80352252344784], [-118.8907005582504, 34.809566937596124], [-118.89126035330116, 34.810726819414356], [-118.89473777308848, 34.81793123857389], [-118.89130010914238, 34.817908846149805], [-118.89107164690438, 34.81790735863125], [-118.89003681195159, 34.81790061722927], [-118.88946751901331, 34.81789638919513], [-118.8841965462859, 34.817861292742116], [-118.88419654987916, 34.81786091735918], [-118.88329996475028, 34.817854908282044], [-118.88164664960583, 34.81784381789038], [-118.87818322467233, 34.81782096082296], [-118.8752998086801, 34.81780107067782], [-118.8740126082179, 34.81779224216581], [-118.87202787132748, 34.81777859930673], [-118.86729972178018, 34.817745363496044], [-118.86726837955993, 34.817745064074266], [-118.85929954055716, 34.817690505868036], [-118.856353544329, 34.81767043426819], [-118.85466424357259, 34.81765905032953], [-118.85429766715626, 34.81765657604103], [-118.85129940963981, 34.81763567032828], [-118.8454381593291, 34.817594703316836], [-118.84329927782416, 34.817579861260555], [-118.84017635301086, 34.81755809708564], [-118.83659847372698, 34.81753305769433], [-118.83529946760532, 34.81756327650401], [-118.83452445328048, 34.81758118874893], [-118.82990866680557, 34.817685793290465], [-118.82730122764164, 34.81774480152709], [-118.82361338917713, 34.81782817643838], [-118.81980857658785, 34.817915614100784], [-118.8193028430492, 34.81791930155341], [-118.81270031913571, 34.81796588291568], [-118.8113027157251, 34.81797559565961], [-118.80748818336446, 34.8180021209583], [-118.80748858131815, 34.81804104197152], [-118.79812780457928, 34.818066927846026], [-118.79796950705317, 34.80982560354311], [-118.78787031335412, 34.80373989294931], [-118.78405291446943, 34.80143815368588], [-118.76693096047539, 34.791114320822565], [-118.76372606349412, 34.7891818805714], [-118.75079281353278, 34.78137787102994], [-118.75079724941364, 34.78243054170883], [-118.74951075233234, 34.78165109250496], [-118.73752705935553, 34.774386545421414], [-118.7313117461604, 34.770618569627686], [-118.71438187622866, 34.76034747514808], [-118.71372804104236, 34.75995080139531], [-118.71141814366352, 34.75854992579818], [-118.69637625937112, 34.751353503957226], [-118.69299082886552, 34.7497122724475], [-118.67808474379295, 34.74534040107258], [-118.67327154624613, 34.74392820090716], [-118.66052268358169, 34.74018504564743], [-118.64305561751675, 34.73520573338021], [-118.64300492738188, 34.72940223047937], [-118.62528916542551, 34.72940534381464], [-118.6259235179499, 34.72017538359951], [-118.62529315933524, 34.717363903930675], [-118.6259273851972, 34.705631695303154], [-118.6258050283673, 34.70289917699995], [-118.6252791734646, 34.69114420212278], [-118.62528323115475, 34.68836726617541], [-118.60706361224031, 34.688360579191446], [-118.5896953401954, 34.6883538611837], [-118.57222777376886, 34.68834384732551], [-118.55419645611104, 34.688329430381295], [-118.5368637825042, 34.68833263168473], [-118.51938436370581, 34.68832400648365], [-118.51936494572263, 34.673730914519375], [-118.51933264589826, 34.659232627311994], [-118.51930031732782, 34.644646294299854], [-118.51065475855692, 34.64472646587184], [-118.50938475095096, 34.64474236035106], [-118.5009745112586, 34.64474235887298], [-118.4918769058637, 34.64480648364664], [-118.48305839175622, 34.64462776291312], [-118.46549484573146, 34.644666572029465], [-118.4478712149906, 34.64473032438683], [-118.43903921447573, 34.644742326355335], [-118.43028066471008, 34.64477323880659], [-118.41266377582544, 34.64481619385116], [-118.39453439627458, 34.644821964989006], [-118.38584850494405, 34.644790248483666], [-118.37699679090028, 34.64490842706525], [-118.37579641620357, 34.630697749403936], [-118.37303656347865, 34.63066569413442], [-118.35948502287019, 34.63060567187107], [-118.35825499478594, 34.63060131598108], [-118.35830149517831, 34.62497421174311], [-118.35829182840753, 34.62402935171517], [-118.34074837500073, 34.62388062972879], [-118.34074061804826, 34.62345053444837], [-118.34065161386822, 34.61636194309214], [-118.32365173463312, 34.615979369840296], [-118.3230115089234, 34.60186560595339], [-118.30581475580892, 34.6018502888797], [-118.30582918634566, 34.58732120548855], [-118.30569328471788, 34.58051573594941], [-118.2879257205123, 34.58056920081695], [-118.28791991380233, 34.580164733595254], [-118.28774895721725, 34.57293032781396], [-118.28738112226122, 34.55851363637618], [-118.29006523263462, 34.558496540217476], [-118.29023636798443, 34.53971651584399], [-118.2905060871485, 34.52520046715099], [-118.27328552598406, 34.524707089747345], [-118.25550700233205, 34.52479853419366], [-118.25091789851597, 34.524703506895705], [-118.24671799339004, 34.52462694810612], [-118.23797164903415, 34.52456492124712], [-118.22381226159206, 34.52444832323858], [-118.22022583753319, 34.52442113462767], [-118.20266652167513, 34.524209654357975], [-118.19000137570694, 34.5241782011533], [-118.1867137025655, 34.524185378003274], [-118.18533897026201, 34.524146723513105], [-118.18533945535228, 34.50964471902799], [-118.18535877991066, 34.50060672055567], [-118.18532008677644, 34.49523287935916], [-118.18499742809605, 34.48094107573381], [-118.18497747831022, 34.46652262401562], [-118.1847785023731, 34.45209887381669], [-118.18461297340896, 34.43805567191733], [-118.18406267804234, 34.423781973262905], [-118.18424842179532, 34.409417507355556], [-118.18425293133804, 34.40881089284842], [-118.184355343772, 34.39431194660424], [-118.184402227745, 34.37975726598612], [-118.16870343692638, 34.37979540981986], [-118.16696190722104, 34.379798495489105], [-118.15093217166184, 34.37983312066409], [-118.14938543174439, 34.37983627157432], [-118.13346579999462, 34.379869669732685], [-118.13189083321431, 34.379872967436825], [-118.11602728688099, 34.37990372919764], [-118.1145347809522, 34.37990589331512], [-118.09853287699714, 34.37993335736222], [-118.09695875642983, 34.37993618947109], [-118.08184123758379, 34.379962511027024], [-118.08187935489792, 34.381290097803614], [-118.08163509129406, 34.38129670422054], [-118.07969649996147, 34.38134754788767], [-118.06363411692992, 34.381059847797076], [-118.04606415423909, 34.381080461859746], [-118.02856683471204, 34.38108216777422], [-118.01107637202553, 34.38105878391706], [-118.0008948360526, 34.38102521942242], [-117.99364840962492, 34.381023442334296], [-117.97609161354119, 34.3810136472196], [-117.95916431009621, 34.38092873022931], [-117.95726129654044, 34.380914487558535], [-117.94171979443986, 34.38096974637929], [-117.93977727657116, 34.38096436099049], [-117.92411635872493, 34.38074297628327], [-117.92231953052732, 34.38071148753414], [-117.90649937012728, 34.38083436498386], [-117.9049280028963, 34.380839121689306], [-117.88739047477712, 34.38103071230742], [-117.87590645979566, 34.38105272980935], [-117.87021072677098, 34.381149659238716], [-117.85354876859296, 34.38142024805046], [-117.85254059473947, 34.381436258076704], [-117.83569252988904, 34.38169230465011], [-117.8177902722898, 34.381998164688405], [-117.80027217832348, 34.382267205003686], [-117.78243589210037, 34.38253359629254], [-117.78208434449876, 34.38252706559261], [-117.76426090777746, 34.38275904413416], [-117.76452419859734, 34.37500188777649], [-117.76477476028967, 34.36810838041865], [-117.76488634542098, 34.367508014685875], [-117.76641023129928, 34.359296478325426], [-117.76702339705771, 34.35289897138749], [-117.76708353836767, 34.35227167473232], [-117.7675753300531, 34.33845538005039], [-117.76413159080073, 34.32397575514052], [-117.7639754079088, 34.309944687161185], [-117.7638347074808, 34.2972817276434], [-117.74575326113518, 34.29708873892328], [-117.74575311381147, 34.297034645600846], [-117.72820622075544, 34.297009409707066], [-117.71141456920657, 34.29699745187597], [-117.69435103535042, 34.296960075572215], [-117.68057280398169, 34.29693903117117], [-117.67730749350095, 34.296933799940575], [-117.661635145491, 34.29688628470784], [-117.66076556821113, 34.29685680604386], [-117.64999001586669, 34.29649096161965], [-117.64999285813626, 34.29644061491749], [-117.64700646646637, 34.29632453485945], [-117.64601714196252, 34.296286038382824], [-117.64597663692633, 34.29583334334073], [-117.64541625976727, 34.28956985459048], [-117.6459766351297, 34.2958333425986], [-117.64601714016587, 34.296286038382824], [-117.6445913449267, 34.29623054117563], [-117.64225359618077, 34.2961395107151], [-117.63873544138858, 34.296158417980145], [-117.63814673945026, 34.29616157055115], [-117.62588554071252, 34.29622655445303], [-117.62436004325662, 34.296209497333955], [-117.60723044639614, 34.296227887318615], [-117.590001110488, 34.29622864874404], [-117.57285828054512, 34.296197097079315], [-117.55567565613343, 34.29621987676647], [-117.5556952681527, 34.29585686748626], [-117.54009563427347, 34.29591538245238], [-117.53755844156814, 34.29593764346522], [-117.5223962602828, 34.295998663070876], [-117.51987251535728, 34.29598701530715], [-117.50481578281158, 34.29600263273525], [-117.50215974748575, 34.29600658087762], [-117.500887273106, 34.295989463601174], [-117.48770521586209, 34.2960986987044], [-117.48524774235001, 34.29612210551891], [-117.4702575345427, 34.29624360711586], [-117.46777326787895, 34.296259846401014], [-117.45322682512703, 34.29637740041611], [-117.45107390115754, 34.296371926474436], [-117.4341623415862, 34.29634720245056], [-117.43359950214493, 34.29635822603395], [-117.41670772257785, 34.29632882881887], [-117.41600548436745, 34.29633351313798], [-117.39928624152203, 34.29631248639108], [-117.39854611057629, 34.29630708146319], [-117.39841181693288, 34.29630610111032], [-117.39068961218803, 34.29629301662657], [-117.38028103960342, 34.296274554669594], [-117.37589742810356, 34.29629603635135], [-117.36443110005175, 34.29642313482874], [-117.36354349538075, 34.29643477288433], [-117.34677755720855, 34.29663207560397], [-117.34607536660883, 34.29664985546828], [-117.32976666013649, 34.29675104136288], [-117.32892525582056, 34.29674207722936], [-117.31227177594214, 34.29666590988548], [-117.31135758113874, 34.29665482177749], [-117.29476400182182, 34.29654905535796], [-117.29390957013763, 34.29655333075272], [-117.2773487523791, 34.296682201779944], [-117.27644144136573, 34.29669776490361], [-117.25979449044281, 34.2968085174734], [-117.25887360229223, 34.296828404934665], [-117.25074491257625, 34.29632679835346], [-117.24367329830285, 34.29579998146314], [-117.243625728017, 34.29426015690994], [-117.22613190203806, 34.294437724401526], [-117.22484679465047, 34.29446061143473], [-117.20888302058597, 34.29462846086729], [-117.20747862321689, 34.29466232712583], [-117.19142846895127, 34.29482365791843], [-117.19004398723202, 34.29484624724745], [-117.17378827866646, 34.29497609680905], [-117.17260929914488, 34.29499369668361], [-117.15632717292347, 34.29499051660956], [-117.15512163560881, 34.29496726384511], [-117.13754112130665, 34.294983730472154], [-117.13640154009677, 34.295000817525754], [-117.1258760418965, 34.294955712416744], [-117.12132638220626, 34.294953585439785], [-117.12070365388163, 34.29497452198561], [-117.10383857493974, 34.2949378987975], [-117.1034540349127, 34.29493829361675], [-117.0863244712899, 34.29498761929112], [-117.08586052468334, 34.294976630408506], [-117.06882986736996, 34.294994017288495], [-117.0683065609877, 34.294998905028656], [-117.05139519365585, 34.29489418294423], [-117.05116997523433, 34.294894286844084], [-117.04224431816459, 34.29491869588538], [-117.03649607322167, 34.294934046341154], [-117.03384147160705, 34.294941038055754], [-117.02351991702741, 34.2948013743461], [-117.01739997077951, 34.29471812296854], [-117.01351845194642, 34.29466515172539], [-117.00087048535974, 34.29453301958724], [-116.99605105440317, 34.29450811690731], [-116.97914618817903, 34.294618867911076], [-116.96187031414928, 34.294542550213095], [-116.94454124997324, 34.294373435249234], [-116.92751039862378, 34.2946915653632], [-116.92694715044905, 34.29470910295731], [-116.91012155695547, 34.29457846259901], [-116.90888983914019, 34.29455049487429], [-116.89263398325093, 34.29451243916109], [-116.89222287465105, 34.29445363378092], [-116.87589440524245, 34.294386142279485], [-116.87511298233635, 34.29439661247913], [-116.85757209182307, 34.29434349037748], [-116.84003110249509, 34.2942654113136], [-116.82254330511005, 34.294214298865356], [-116.80477706591951, 34.29401576888892], [-116.7873031528955, 34.29388751049845], [-116.77108739510558, 34.29380398436139], [-116.77008672667631, 34.29379993072999], [-116.75353227258324, 34.29374745095465], [-116.75237364349609, 34.293742980973256], [-116.75087017452756, 34.29373066199127], [-116.73612348472238, 34.293670182509665], [-116.73531543754788, 34.29366624242118], [-116.71845074398325, 34.29358319549523], [-116.71603922738282, 34.29356176358621], [-116.71620282317247, 34.28632741306148], [-116.71718049203554, 34.27942838742573], [-116.71717372861977, 34.27925685338554], [-116.71747346409072, 34.26497478804149], [-116.71749971555826, 34.26482589986262], [-116.71740480854851, 34.257922362536576], [-116.71786560476339, 34.25056666155279], [-116.71786580778264, 34.250350231408504], [-116.71786530382778, 34.250036834969265], [-116.71757493598858, 34.23632554330178], [-116.7175613893941, 34.23583618242811], [-116.71783403616767, 34.22177901340532], [-116.71782715237765, 34.22138227723415], [-116.71778474111645, 34.21327890706853], [-116.71757725993022, 34.20687301070283], [-116.71825842725734, 34.20687908777632], [-116.71830573433682, 34.19225527273308], [-116.71829357474115, 34.17779609053802], [-116.71821509162973, 34.16334125815142], [-116.71826919805761, 34.148805465082084], [-116.71832231813531, 34.13423559430593], [-116.71833247448791, 34.12502301824815], [-116.71832287419245, 34.11964115141828], [-116.71990939330733, 34.11966289011747], [-116.71980471622054, 34.10628765050444], [-116.71987158770858, 34.09179446588065], [-116.71985806087703, 34.09132109730428], [-116.71998474938324, 34.07727899335532], [-116.7199913708652, 34.07685073279526], [-116.72004482062462, 34.06296386870382], [-116.72005764766855, 34.06233733733316], [-116.72005887746218, 34.04845946021389], [-116.72007182218542, 34.047805578860086], [-116.72013365412474, 34.04349681721848], [-116.72027196683071, 34.03385664608914], [-116.72027209439148, 34.03384779841738], [-116.72027201174647, 34.033847796928505], [-116.72026017913757, 34.03384753488554], [-116.72025555730542, 34.033847432897225], [-116.72024205562671, 34.03384713512113], [-116.72020148052194, 34.03384623955951], [-116.7202014823186, 34.03384620308194], [-116.72019478717476, 34.03384606163829], [-116.72016255921562, 34.03384537973102], [-116.71942963814834, 34.033829190387166], [-116.71941379366339, 34.03382884050018], [-116.71941264381982, 34.032746636860566], [-116.71939849804905, 34.01943588209308], [-116.71939086955562, 34.00516891462966], [-116.71939086865731, 34.00082015988258], [-116.71938323926561, 33.9908714295025], [-116.71938323926561, 33.97649383555791], [-116.71936798048222, 33.96192932156693], [-116.71936798138053, 33.954666137985676], [-116.71936798048222, 33.94741439838068], [-116.71936035198881, 33.93273544339715], [-116.7193527216988, 33.918075561801025], [-116.71935272259711, 33.90257644690937], [-116.71933746381369, 33.888042449939114], [-116.71932983442198, 33.87495040865433], [-116.71932220413196, 33.85678482041939], [-116.71930694534855, 33.84524917521819], [-116.71930694534855, 33.842411041339204], [-116.71930694534855, 33.830543518704786], [-116.71929168656513, 33.82849884001307], [-116.71922302293808, 33.81632614177399], [-116.71920776325635, 33.81414032041061], [-116.71913147023757, 33.801704407327826], [-116.71903991753709, 33.78652191152296], [-116.71896362362, 33.772377014320796], [-116.71894073454656, 33.76991271966656], [-116.7188796994129, 33.75899505599788], [-116.71882629367094, 33.75175094604528], [-116.7188034054958, 33.74460220359497], [-116.71871185369363, 33.730014800544794], [-116.70163726876285, 33.73022461021757], [-116.6844863890167, 33.73058700610878], [-116.66718292323301, 33.730518340955236], [-116.64878845263844, 33.73044204718885], [-116.63128662177199, 33.73040008525225], [-116.61353302097922, 33.73034286541528], [-116.61351013190578, 33.71576309186178], [-116.61340332042187, 33.70123672496298], [-116.61366271973993, 33.68666839664723], [-116.59747314514561, 33.68495941107858], [-116.58020019513212, 33.68496322550934], [-116.5630874632428, 33.68495559739514], [-116.56300354083233, 33.66982650652881], [-116.56301879871744, 33.6554412843943], [-116.56300354083233, 33.64117050127434], [-116.56297302236719, 33.62690734867519], [-116.5629730232655, 33.61258697485473], [-116.56298828115061, 33.59818267815371], [-116.55169677693112, 33.598133086927724], [-116.54575347899396, 33.598186493437794], [-116.53455352747501, 33.59819793629605], [-116.52860260014612, 33.598194122508964], [-116.51728820775153, 33.59817504908153], [-116.51750183161766, 33.58697891294647], [-116.51748657193593, 33.5725288390242], [-116.51737976135034, 33.557926178010774], [-116.51734161349347, 33.54349899378173], [-116.51738738984372, 33.52906036442822], [-116.5173568722769, 33.51452255277308], [-116.53462982139207, 33.51453399623428], [-116.55196380653923, 33.51460266146346], [-116.56935119653004, 33.514587402778], [-116.58669280927226, 33.514617920146215], [-116.60401153473771, 33.51472091712067], [-116.61168670728755, 33.51473236055562], [-116.61177062969803, 33.51182937570906], [-116.61624145503556, 33.51181030267669], [-116.61624908442727, 33.50095367439917], [-116.61604309085115, 33.485298157394425], [-116.6159896851092, 33.470783233603306], [-116.61596679693406, 33.46355056828089], [-116.61593627936723, 33.45631027165478], [-116.61588287272698, 33.44168090852662], [-116.61678114309534, 33.42727435383231], [-116.61684175781743, 33.42727429010602], [-116.62532833993588, 33.427265063287784], [-116.6262067781977, 33.42726387647913], [-116.63048617434484, 33.42725799791497], [-116.63507799466629, 33.42725192217373], [-116.63848628370262, 33.42724719443103], [-116.64274986411085, 33.42724122140086], [-116.64430607137307, 33.42723900072605], [-116.64578934262076, 33.427243349859886], [-116.64648632478844, 33.427245511306594], [-116.65448645390917, 33.42727031733374], [-116.65650048036944, 33.42727651827713], [-116.66248658392821, 33.427294565561425], [-116.66721014847433, 33.42730865731504], [-116.6704867148456, 33.42731887975776], [-116.67253439848459, 33.42732519615467], [-116.67792218723322, 33.42737172755579], [-116.6784865187762, 33.42737648977882], [-116.68648657333672, 33.427444372420815], [-116.68863189935556, 33.427462700065306], [-116.69448627126614, 33.42751252415888], [-116.6990428964931, 33.42755110769177], [-116.69934332726007, 33.42755058588754], [-116.70248640487843, 33.427556390959445], [-116.71005474079155, 33.42757024875836], [-116.71048651693118, 33.42757070458724], [-116.71811843200683, 33.42758237995347], [-116.71848659484793, 33.42757990288367], [-116.72076650915756, 33.427564083072724], [-116.72648667815457, 33.42752308994888], [-116.73107592390446, 33.42749011955173], [-116.73147811672514, 33.427487221137056], [-116.73448663120553, 33.42746511416201], [-116.73585480311249, 33.427455073168645], [-116.7421889885725, 33.42732836447418], [-116.74248543710782, 33.427322522650705], [-116.75048405526226, 33.42716299468515], [-116.75273992526499, 33.42711790113984], [-116.75289689238616, 33.42711677505668], [-116.75848371725903, 33.427098738981265], [-116.76360994713966, 33.42708226757353], [-116.76648397304221, 33.42707267187125], [-116.77432266682156, 33.42704645255963], [-116.77448400694153, 33.427046016970515], [-116.78248414863869, 33.427018691808954], [-116.78503469480069, 33.42700988330921], [-116.79048428584423, 33.42698978547178], [-116.79574779896153, 33.42697035488384], [-116.79848436286268, 33.426960556743744], [-116.80343714782487, 33.4269427433039], [-116.80646014314765, 33.42693176359557], [-116.80648455576379, 33.42693173435632], [-116.8143829686449, 33.42690274701997], [-116.81448469027441, 33.42690236990863], [-116.81717347098898, 33.426892466049736], [-116.82105835940266, 33.42687761925596], [-116.82180498786285, 33.426878040601146], [-116.82248483197156, 33.42687841996176], [-116.8278866272521, 33.42688148408587], [-116.82846520068557, 33.42688166177058], [-116.83048496648219, 33.42688225855129], [-116.8384852060957, 33.426885190723745], [-116.83859982843097, 33.42688523120887], [-116.84648554182894, 33.42688724721795], [-116.84931329730783, 33.4268880764132], [-116.8496402625117, 33.426888142388954], [-116.85448558111814, 33.426889000823444], [-116.86002689194883, 33.42688985101095], [-116.86248576862937, 33.426889616347204], [-116.86314202118207, 33.42688958036043], [-116.87048603609064, 33.426925588118166], [-116.87074082884793, 33.42692697510778], [-116.87848608436299, 33.4269660019877], [-116.88145497415617, 33.426981030199485], [-116.88648604010886, 33.427005975750774], [-116.89216928205951, 33.42703415485106], [-116.89448613150037, 33.42704494261733], [-116.90248623277331, 33.427082194100706], [-116.9028825721716, 33.42708403916843], [-116.91048632775806, 33.427120417208386], [-116.91359720436675, 33.427135300697024], [-116.91848642543776, 33.427158266937624], [-116.92431199915696, 33.42718563179051], [-116.92648652760904, 33.42719504754707], [-116.92717293121595, 33.42719807192476], [-116.9344865004229, 33.42723670208015], [-116.93502667896281, 33.42723952403159], [-116.94248667535771, 33.42727963786655], [-116.94552305198494, 33.427295784607665], [-116.94574116742751, 33.42729693992761], [-116.95048675147781, 33.42732197685404], [-116.9525069502624, 33.42733262813538], [-116.95645567206186, 33.427353341413905], [-116.95848682759795, 33.42736399044224], [-116.96244439061644, 33.42738464373567], [-116.96264715654574, 33.427385697842205]], [[-118.46624755848106, 34.12932968103081], [-118.46417999242988, 34.13016891501419], [-118.46234130902825, 34.13105392402265], [-118.46417999242988, 34.13016891501426], [-118.46624755848106, 34.12932968103081]], [[-118.46234130902825, 34.13105392402265], [-118.46019744905998, 34.13084411645973], [-118.45790863064924, 34.130619049166896], [-118.46019744905998, 34.13084411645981], [-118.46234130902825, 34.13105392402265]], [[-118.40247344893913, 34.293136596812126], [-118.40814209057147, 34.29318237380778], [-118.40946960472866, 34.291446686026184], [-118.40814209057147, 34.29318237380771], [-118.40247344893913, 34.293136596812126]], [[-118.43752288792055, 34.13167190582853], [-118.43522644101644, 34.13124084502302], [-118.43316650435695, 34.13085556027869], [-118.43522644101644, 34.13124084502309], [-118.43752288792055, 34.13167190582853]], [[-118.42398071314723, 34.130313872584914], [-118.42196655193968, 34.12994766280145], [-118.41988372800338, 34.12864685071855], [-118.41799163796146, 34.12792587272189], [-118.41988372800338, 34.12864685071863], [-118.42196655193968, 34.12994766280152], [-118.42398071314723, 34.130313872584914]], [[-118.41433715843502, 34.1283531186103], [-118.4112014775447, 34.12955093411746], [-118.4080886839312, 34.12969589200435], [-118.4112014775447, 34.12955093411754], [-118.41433715843502, 34.1283531186103]], [[-118.38664245575508, 34.123458862766235], [-118.38552093517403, 34.12145614659797], [-118.3820037846983, 34.122447967571006], [-118.38552093517403, 34.12145614659804], [-118.38664245575508, 34.123458862766235]], [[-118.34574890182702, 34.118236541912346], [-118.34195709145318, 34.116466522196454], [-118.34195788900949, 34.1164789228702], [-118.34574890182702, 34.118236541912346]], [[-118.3408203120887, 34.13835144036974], [-118.3406372066877, 34.14051437388751], [-118.3406372066877, 34.140514373887584], [-118.3408203120887, 34.13835144036974]], [[-118.29194641084075, 34.14452362138049], [-118.28999328566518, 34.14383697490036], [-118.28901672442488, 34.14175415075164], [-118.28999328566518, 34.14383697490044], [-118.29194641084075, 34.14452362138049]], [[-118.28719329801002, 34.14073562669182], [-118.28707122864101, 34.138664245435336], [-118.28665161030044, 34.13639450057847], [-118.28707122864101, 34.13866424543541], [-118.28719329801002, 34.14073562669182]], [[-118.25346374559075, 34.107814789023806], [-118.25118255657172, 34.109752655106035], [-118.24890899694444, 34.11167144778555], [-118.25118255657172, 34.10975265510612], [-118.25346374559075, 34.107814789023806]], [[-118.24664306670883, 34.11356735297008], [-118.2449264526762, 34.11486434968363], [-118.23512268073812, 34.11485671902813], [-118.2449264526762, 34.1148643496837], [-118.24664306670883, 34.11356735297008]], [[-118.46704864461039, 34.29213333137183], [-118.46687316949944, 34.28950881918262], [-118.4667434698404, 34.2872848518587], [-118.46687316949944, 34.28950881918269], [-118.46704864461039, 34.29213333137183]], [[-118.47202300980065, 34.183845521168266], [-118.47074890228373, 34.18214416459616], [-118.46907806370305, 34.17986679148846], [-118.47074890228373, 34.18214416459623], [-118.47202300980065, 34.183845521168266]], [[-118.4685592650669, 34.16299819978194], [-118.46851348961498, 34.16091919009735], [-118.46842956630618, 34.15875625719487], [-118.46851348961498, 34.160919190097424], [-118.4685592650669, 34.16299819978194]]], [[[-118.22297664781644, 33.76610386663464], [-118.2215327748805, 33.763771455368165], [-118.21908929532393, 33.75999517069966], [-118.2199778333445, 33.75855129687211], [-118.21842289360515, 33.755219280885754], [-118.2187560949137, 33.753664340336684], [-118.22253237970448, 33.752442601182715], [-118.224864790661, 33.75688528975679], [-118.24485688624229, 33.75088766031864], [-118.24119166915324, 33.74366829245723], [-118.23119562091343, 33.7421133515992], [-118.21964463203595, 33.745223232763514], [-118.21753435558459, 33.744667897241506], [-118.23119562091343, 33.740225209863084], [-118.23408336678534, 33.74055841093855], [-118.24030313023435, 33.74155801461623], [-118.24296874339774, 33.74289082181693], [-118.23730431666073, 33.72800781750633], [-118.25129878419646, 33.72378726283541], [-118.24563435745945, 33.71567935835339], [-118.24730036490054, 33.71534615631476], [-118.2576296153472, 33.716456828235295], [-118.26007309310714, 33.72356512884309], [-118.25807388345918, 33.728785287800434], [-118.24108060055319, 33.73378331155869], [-118.24752249940568, 33.74866631639635], [-118.24907744004337, 33.7495548548951], [-118.2504102470742, 33.750998726377674], [-118.25163198640332, 33.749999122932685], [-118.25318692614269, 33.74766671115797], [-118.25407546416326, 33.74566750232692], [-118.25407546416326, 33.74511216594677], [-118.25363119515296, 33.744667897241506], [-118.25196518681358, 33.744667897241506], [-118.25207625451527, 33.74422362922281], [-118.25352012924787, 33.74155801536322], [-118.2510766496913, 33.737448529471074], [-118.24530115525259, 33.73878133553248], [-118.24407941592345, 33.73622679013368], [-118.24807783432105, 33.734782916487916], [-118.25018811167075, 33.7338943788501], [-118.2616280328465, 33.73078449712384], [-118.2627387053722, 33.73078449712384], [-118.26340510888764, 33.73233943788146], [-118.26340510978595, 33.7344497146447], [-118.26396044470134, 33.7344497146447], [-118.26507111543042, 33.73467184885258], [-118.26529325083386, 33.73533825250788], [-118.26473791502016, 33.73622679013368], [-118.26629285565785, 33.73855920075932], [-118.27006914044863, 33.736893192916874], [-118.26695925917326, 33.73378331230574], [-118.26718139367841, 33.732672639701924], [-118.26829206440749, 33.7325615715761], [-118.26806993080065, 33.72989595917099], [-118.26729246048183, 33.72934062378836], [-118.26484898272189, 33.72201018824961], [-118.26784779719385, 33.721232717850505], [-118.27040234265549, 33.72889635483725], [-118.26895846882124, 33.729007421730316], [-118.2695138037366, 33.730562362564285], [-118.27129087977774, 33.730229160767436], [-118.2710687452726, 33.73211730361176], [-118.27051340945893, 33.733450110315935], [-118.27029127495376, 33.734782916487916], [-118.27184621648976, 33.73622679088072], [-118.27206835009659, 33.7335611772916], [-118.27262368591029, 33.73256157232318], [-118.27428969424967, 33.73689319366391], [-118.27440076195143, 33.740669477676086], [-118.27062447716065, 33.7473335100593], [-118.26984700594349, 33.74866631639635], [-118.26840313390585, 33.74977698808123], [-118.26540431943391, 33.751331928919996], [-118.26007309310714, 33.75755169260462], [-118.25774068125232, 33.75966196896531], [-118.25574147160435, 33.760661573270006], [-118.25352012834955, 33.76110584275495], [-118.25085451518616, 33.76243864934239], [-118.24041419793608, 33.76488212777756], [-118.24041419883439, 33.76554853043777], [-118.23952566081383, 33.765770664750924], [-118.23897032500011, 33.76488212777756], [-118.22564226097982, 33.76843627714969], [-118.22442052165071, 33.76810307537378], [-118.22297664781644, 33.76610386663464]]]]}, "properties": {"name": "study_area"}}]}